Component,Description,Part,References,Value,Footprint,Quantity Per PCB,Datasheet,LSCS
1,Polarized capacitor,CP_10uF,C4,CP_10uF,CP_EIA-3216-18_Kemet-A,1,~,C7171
2,Unpolarized capacitor,C_0.1uF,C1 C2 C3,C_0.1uF,C_0402_1005Metric,3,~,C1525
3,Diode,D_1N4148WS,D129,D_1N4148WS,D_SOD-323F,1,~,C2128
4,Light emitting diode,LED_RED,D1 D2 D3 D4 D5 D6 D7 D8 D9 D10 D11 D12 D13 D14 D15 D16 D17 D18 D19 D20 D21 D22 D23 D24 D25 D26 D27 D28 D29 D30 D31 D32 D33 D34 D35 D36 D37 D38 D39 D40 D41 D42 D43 D44 D45 D46 D47 D48 D49 D50 D51 D52 D53 D54 D55 D56 D57 D58 D59 D60 D61 D62 D63 D64 D65 D66 D67 D68 D69 D70 D71 D72 D73 D74 D75 D76 D77 D78 D79 D80 D81 D82 D83 D84 D85 D86 D87 D88 D89 D90 D91 D92 D93 D94 D95 D96 D97 D98 D99 D100 D101 D102 D103 D104 D105 D106 D107 D108 D109 D110 D111 D112 D113 D114 D115 D116 D117 D118 D119 D120 D121 D122 D123 D124 D125 D126 D127 D128 PLED1,LED_RED,LED_0603_1608Metric_Castellated,129,~,C2286
5,,HT16K33,HT1,HT16K33,SOIC-28W_7.5x17.9mm_P1.27mm,1,,C87502
6,Resistor,R_10K,R1 R2 R3 R4 R5 R6,R_10K,R_0402_1005Metric,6,~,C25744
7,Resistor,R_330R,R7,R_330R,R_0402_1005Metric,1,~,C25104
8,"16-bit I/O expander, I2C, interrupts, w pull-ups, SOIC-28",MCP23017_SO,U1,MCP23017_SO,SOIC-28W_7.5x17.9mm_P1.27mm,1,http://ww1.microchip.com/downloads/en/DeviceDoc/20001952C.pdf,C47023
