<?xml version="1.0" encoding="UTF-8"?>
<export version="D">
  <design>
    <source>/home/afshar/src/chordboard/hard/v2.0/uiboard/chordboard.sch</source>
    <date>Wed 15 Jan 2020 10:21:20 AM GMT</date>
    <tool>Eeschema 5.1.4+dfsg1-1</tool>
    <sheet number="1" name="/" tstamps="/">
      <title_block>
        <title/>
        <company/>
        <rev/>
        <date/>
        <source>chordboard.sch</source>
        <comment number="1" value=""/>
        <comment number="2" value=""/>
        <comment number="3" value=""/>
        <comment number="4" value=""/>
      </title_block>
    </sheet>
  </design>
  <components>
    <comp ref="HT1">
      <value>HT16K33</value>
      <footprint>Package_SO:SOIC-28W_7.5x17.9mm_P1.27mm</footprint>
      <fields>
        <field name="LSCS">C87502</field>
      </fields>
      <libsource lib="eurocad" part="HT16K33" description=""/>
      <sheetpath names="/" tstamps="/"/>
      <tstamp>5D160827</tstamp>
    </comp>
    <comp ref="H4">
      <value>MountingHole</value>
      <footprint>MountingHole:MountingHole_2.2mm_M2_Pad_Via</footprint>
      <datasheet>~</datasheet>
      <libsource lib="Mechanical" part="MountingHole" description="Mounting Hole without connection"/>
      <sheetpath names="/" tstamps="/"/>
      <tstamp>5D133AA3</tstamp>
    </comp>
    <comp ref="H3">
      <value>MountingHole</value>
      <footprint>MountingHole:MountingHole_2.2mm_M2_Pad_Via</footprint>
      <datasheet>~</datasheet>
      <libsource lib="Mechanical" part="MountingHole" description="Mounting Hole without connection"/>
      <sheetpath names="/" tstamps="/"/>
      <tstamp>5D133AAA</tstamp>
    </comp>
    <comp ref="H2">
      <value>MountingHole</value>
      <footprint>MountingHole:MountingHole_2.2mm_M2_Pad_Via</footprint>
      <datasheet>~</datasheet>
      <libsource lib="Mechanical" part="MountingHole" description="Mounting Hole without connection"/>
      <sheetpath names="/" tstamps="/"/>
      <tstamp>5D133AB1</tstamp>
    </comp>
    <comp ref="H1">
      <value>MountingHole</value>
      <footprint>MountingHole:MountingHole_2.2mm_M2_Pad_Via</footprint>
      <datasheet>~</datasheet>
      <libsource lib="Mechanical" part="MountingHole" description="Mounting Hole without connection"/>
      <sheetpath names="/" tstamps="/"/>
      <tstamp>5D133AB8</tstamp>
    </comp>
    <comp ref="D1">
      <value>LED_RED</value>
      <footprint>LED_SMD:LED_0603_1608Metric_Castellated</footprint>
      <datasheet>~</datasheet>
      <fields>
        <field name="LSCS">C2286</field>
      </fields>
      <libsource lib="lscs_components" part="LED_RED" description="Light emitting diode"/>
      <sheetpath names="/" tstamps="/"/>
      <tstamp>5E55107E</tstamp>
    </comp>
    <comp ref="D17">
      <value>LED_RED</value>
      <footprint>LED_SMD:LED_0603_1608Metric_Castellated</footprint>
      <datasheet>~</datasheet>
      <fields>
        <field name="LSCS">C2286</field>
      </fields>
      <libsource lib="lscs_components" part="LED_RED" description="Light emitting diode"/>
      <sheetpath names="/" tstamps="/"/>
      <tstamp>5E551C9F</tstamp>
    </comp>
    <comp ref="D33">
      <value>LED_RED</value>
      <footprint>LED_SMD:LED_0603_1608Metric_Castellated</footprint>
      <datasheet>~</datasheet>
      <fields>
        <field name="LSCS">C2286</field>
      </fields>
      <libsource lib="lscs_components" part="LED_RED" description="Light emitting diode"/>
      <sheetpath names="/" tstamps="/"/>
      <tstamp>5E551F84</tstamp>
    </comp>
    <comp ref="D49">
      <value>LED_RED</value>
      <footprint>LED_SMD:LED_0603_1608Metric_Castellated</footprint>
      <datasheet>~</datasheet>
      <fields>
        <field name="LSCS">C2286</field>
      </fields>
      <libsource lib="lscs_components" part="LED_RED" description="Light emitting diode"/>
      <sheetpath names="/" tstamps="/"/>
      <tstamp>5E62C3A8</tstamp>
    </comp>
    <comp ref="D65">
      <value>LED_RED</value>
      <footprint>LED_SMD:LED_0603_1608Metric_Castellated</footprint>
      <datasheet>~</datasheet>
      <fields>
        <field name="LSCS">C2286</field>
      </fields>
      <libsource lib="lscs_components" part="LED_RED" description="Light emitting diode"/>
      <sheetpath names="/" tstamps="/"/>
      <tstamp>5E653B3C</tstamp>
    </comp>
    <comp ref="D81">
      <value>LED_RED</value>
      <footprint>LED_SMD:LED_0603_1608Metric_Castellated</footprint>
      <datasheet>~</datasheet>
      <fields>
        <field name="LSCS">C2286</field>
      </fields>
      <libsource lib="lscs_components" part="LED_RED" description="Light emitting diode"/>
      <sheetpath names="/" tstamps="/"/>
      <tstamp>5E653B43</tstamp>
    </comp>
    <comp ref="D97">
      <value>LED_RED</value>
      <footprint>LED_SMD:LED_0603_1608Metric_Castellated</footprint>
      <datasheet>~</datasheet>
      <fields>
        <field name="LSCS">C2286</field>
      </fields>
      <libsource lib="lscs_components" part="LED_RED" description="Light emitting diode"/>
      <sheetpath names="/" tstamps="/"/>
      <tstamp>5E653B4A</tstamp>
    </comp>
    <comp ref="D113">
      <value>LED_RED</value>
      <footprint>LED_SMD:LED_0603_1608Metric_Castellated</footprint>
      <datasheet>~</datasheet>
      <fields>
        <field name="LSCS">C2286</field>
      </fields>
      <libsource lib="lscs_components" part="LED_RED" description="Light emitting diode"/>
      <sheetpath names="/" tstamps="/"/>
      <tstamp>5E653B58</tstamp>
    </comp>
    <comp ref="D2">
      <value>LED_RED</value>
      <footprint>LED_SMD:LED_0603_1608Metric_Castellated</footprint>
      <datasheet>~</datasheet>
      <fields>
        <field name="LSCS">C2286</field>
      </fields>
      <libsource lib="lscs_components" part="LED_RED" description="Light emitting diode"/>
      <sheetpath names="/" tstamps="/"/>
      <tstamp>5E8432CF</tstamp>
    </comp>
    <comp ref="D18">
      <value>LED_RED</value>
      <footprint>LED_SMD:LED_0603_1608Metric_Castellated</footprint>
      <datasheet>~</datasheet>
      <fields>
        <field name="LSCS">C2286</field>
      </fields>
      <libsource lib="lscs_components" part="LED_RED" description="Light emitting diode"/>
      <sheetpath names="/" tstamps="/"/>
      <tstamp>5E8432D6</tstamp>
    </comp>
    <comp ref="D34">
      <value>LED_RED</value>
      <footprint>LED_SMD:LED_0603_1608Metric_Castellated</footprint>
      <datasheet>~</datasheet>
      <fields>
        <field name="LSCS">C2286</field>
      </fields>
      <libsource lib="lscs_components" part="LED_RED" description="Light emitting diode"/>
      <sheetpath names="/" tstamps="/"/>
      <tstamp>5E8432DD</tstamp>
    </comp>
    <comp ref="D50">
      <value>LED_RED</value>
      <footprint>LED_SMD:LED_0603_1608Metric_Castellated</footprint>
      <datasheet>~</datasheet>
      <fields>
        <field name="LSCS">C2286</field>
      </fields>
      <libsource lib="lscs_components" part="LED_RED" description="Light emitting diode"/>
      <sheetpath names="/" tstamps="/"/>
      <tstamp>5E8432EB</tstamp>
    </comp>
    <comp ref="D66">
      <value>LED_RED</value>
      <footprint>LED_SMD:LED_0603_1608Metric_Castellated</footprint>
      <datasheet>~</datasheet>
      <fields>
        <field name="LSCS">C2286</field>
      </fields>
      <libsource lib="lscs_components" part="LED_RED" description="Light emitting diode"/>
      <sheetpath names="/" tstamps="/"/>
      <tstamp>5E8432F3</tstamp>
    </comp>
    <comp ref="D82">
      <value>LED_RED</value>
      <footprint>LED_SMD:LED_0603_1608Metric_Castellated</footprint>
      <datasheet>~</datasheet>
      <fields>
        <field name="LSCS">C2286</field>
      </fields>
      <libsource lib="lscs_components" part="LED_RED" description="Light emitting diode"/>
      <sheetpath names="/" tstamps="/"/>
      <tstamp>5E8432FA</tstamp>
    </comp>
    <comp ref="D98">
      <value>LED_RED</value>
      <footprint>LED_SMD:LED_0603_1608Metric_Castellated</footprint>
      <datasheet>~</datasheet>
      <fields>
        <field name="LSCS">C2286</field>
      </fields>
      <libsource lib="lscs_components" part="LED_RED" description="Light emitting diode"/>
      <sheetpath names="/" tstamps="/"/>
      <tstamp>5E843301</tstamp>
    </comp>
    <comp ref="D114">
      <value>LED_RED</value>
      <footprint>LED_SMD:LED_0603_1608Metric_Castellated</footprint>
      <datasheet>~</datasheet>
      <fields>
        <field name="LSCS">C2286</field>
      </fields>
      <libsource lib="lscs_components" part="LED_RED" description="Light emitting diode"/>
      <sheetpath names="/" tstamps="/"/>
      <tstamp>5E84330F</tstamp>
    </comp>
    <comp ref="D3">
      <value>LED_RED</value>
      <footprint>LED_SMD:LED_0603_1608Metric_Castellated</footprint>
      <datasheet>~</datasheet>
      <fields>
        <field name="LSCS">C2286</field>
      </fields>
      <libsource lib="lscs_components" part="LED_RED" description="Light emitting diode"/>
      <sheetpath names="/" tstamps="/"/>
      <tstamp>5E8762A8</tstamp>
    </comp>
    <comp ref="D19">
      <value>LED_RED</value>
      <footprint>LED_SMD:LED_0603_1608Metric_Castellated</footprint>
      <datasheet>~</datasheet>
      <fields>
        <field name="LSCS">C2286</field>
      </fields>
      <libsource lib="lscs_components" part="LED_RED" description="Light emitting diode"/>
      <sheetpath names="/" tstamps="/"/>
      <tstamp>5E8762AF</tstamp>
    </comp>
    <comp ref="D35">
      <value>LED_RED</value>
      <footprint>LED_SMD:LED_0603_1608Metric_Castellated</footprint>
      <datasheet>~</datasheet>
      <fields>
        <field name="LSCS">C2286</field>
      </fields>
      <libsource lib="lscs_components" part="LED_RED" description="Light emitting diode"/>
      <sheetpath names="/" tstamps="/"/>
      <tstamp>5E8762B6</tstamp>
    </comp>
    <comp ref="D51">
      <value>LED_RED</value>
      <footprint>LED_SMD:LED_0603_1608Metric_Castellated</footprint>
      <datasheet>~</datasheet>
      <fields>
        <field name="LSCS">C2286</field>
      </fields>
      <libsource lib="lscs_components" part="LED_RED" description="Light emitting diode"/>
      <sheetpath names="/" tstamps="/"/>
      <tstamp>5E8762C4</tstamp>
    </comp>
    <comp ref="D67">
      <value>LED_RED</value>
      <footprint>LED_SMD:LED_0603_1608Metric_Castellated</footprint>
      <datasheet>~</datasheet>
      <fields>
        <field name="LSCS">C2286</field>
      </fields>
      <libsource lib="lscs_components" part="LED_RED" description="Light emitting diode"/>
      <sheetpath names="/" tstamps="/"/>
      <tstamp>5E8762CC</tstamp>
    </comp>
    <comp ref="D83">
      <value>LED_RED</value>
      <footprint>LED_SMD:LED_0603_1608Metric_Castellated</footprint>
      <datasheet>~</datasheet>
      <fields>
        <field name="LSCS">C2286</field>
      </fields>
      <libsource lib="lscs_components" part="LED_RED" description="Light emitting diode"/>
      <sheetpath names="/" tstamps="/"/>
      <tstamp>5E8762D3</tstamp>
    </comp>
    <comp ref="D99">
      <value>LED_RED</value>
      <footprint>LED_SMD:LED_0603_1608Metric_Castellated</footprint>
      <datasheet>~</datasheet>
      <fields>
        <field name="LSCS">C2286</field>
      </fields>
      <libsource lib="lscs_components" part="LED_RED" description="Light emitting diode"/>
      <sheetpath names="/" tstamps="/"/>
      <tstamp>5E8762DA</tstamp>
    </comp>
    <comp ref="D115">
      <value>LED_RED</value>
      <footprint>LED_SMD:LED_0603_1608Metric_Castellated</footprint>
      <datasheet>~</datasheet>
      <fields>
        <field name="LSCS">C2286</field>
      </fields>
      <libsource lib="lscs_components" part="LED_RED" description="Light emitting diode"/>
      <sheetpath names="/" tstamps="/"/>
      <tstamp>5E8762E8</tstamp>
    </comp>
    <comp ref="D4">
      <value>LED_RED</value>
      <footprint>LED_SMD:LED_0603_1608Metric_Castellated</footprint>
      <datasheet>~</datasheet>
      <fields>
        <field name="LSCS">C2286</field>
      </fields>
      <libsource lib="lscs_components" part="LED_RED" description="Light emitting diode"/>
      <sheetpath names="/" tstamps="/"/>
      <tstamp>5E8A51F9</tstamp>
    </comp>
    <comp ref="D20">
      <value>LED_RED</value>
      <footprint>LED_SMD:LED_0603_1608Metric_Castellated</footprint>
      <datasheet>~</datasheet>
      <fields>
        <field name="LSCS">C2286</field>
      </fields>
      <libsource lib="lscs_components" part="LED_RED" description="Light emitting diode"/>
      <sheetpath names="/" tstamps="/"/>
      <tstamp>5E8A5200</tstamp>
    </comp>
    <comp ref="D36">
      <value>LED_RED</value>
      <footprint>LED_SMD:LED_0603_1608Metric_Castellated</footprint>
      <datasheet>~</datasheet>
      <fields>
        <field name="LSCS">C2286</field>
      </fields>
      <libsource lib="lscs_components" part="LED_RED" description="Light emitting diode"/>
      <sheetpath names="/" tstamps="/"/>
      <tstamp>5E8A5207</tstamp>
    </comp>
    <comp ref="D52">
      <value>LED_RED</value>
      <footprint>LED_SMD:LED_0603_1608Metric_Castellated</footprint>
      <datasheet>~</datasheet>
      <fields>
        <field name="LSCS">C2286</field>
      </fields>
      <libsource lib="lscs_components" part="LED_RED" description="Light emitting diode"/>
      <sheetpath names="/" tstamps="/"/>
      <tstamp>5E8A5215</tstamp>
    </comp>
    <comp ref="D68">
      <value>LED_RED</value>
      <footprint>LED_SMD:LED_0603_1608Metric_Castellated</footprint>
      <datasheet>~</datasheet>
      <fields>
        <field name="LSCS">C2286</field>
      </fields>
      <libsource lib="lscs_components" part="LED_RED" description="Light emitting diode"/>
      <sheetpath names="/" tstamps="/"/>
      <tstamp>5E8A521D</tstamp>
    </comp>
    <comp ref="D84">
      <value>LED_RED</value>
      <footprint>LED_SMD:LED_0603_1608Metric_Castellated</footprint>
      <datasheet>~</datasheet>
      <fields>
        <field name="LSCS">C2286</field>
      </fields>
      <libsource lib="lscs_components" part="LED_RED" description="Light emitting diode"/>
      <sheetpath names="/" tstamps="/"/>
      <tstamp>5E8A5224</tstamp>
    </comp>
    <comp ref="D100">
      <value>LED_RED</value>
      <footprint>LED_SMD:LED_0603_1608Metric_Castellated</footprint>
      <datasheet>~</datasheet>
      <fields>
        <field name="LSCS">C2286</field>
      </fields>
      <libsource lib="lscs_components" part="LED_RED" description="Light emitting diode"/>
      <sheetpath names="/" tstamps="/"/>
      <tstamp>5E8A522B</tstamp>
    </comp>
    <comp ref="D116">
      <value>LED_RED</value>
      <footprint>LED_SMD:LED_0603_1608Metric_Castellated</footprint>
      <datasheet>~</datasheet>
      <fields>
        <field name="LSCS">C2286</field>
      </fields>
      <libsource lib="lscs_components" part="LED_RED" description="Light emitting diode"/>
      <sheetpath names="/" tstamps="/"/>
      <tstamp>5E8A5239</tstamp>
    </comp>
    <comp ref="D5">
      <value>LED_RED</value>
      <footprint>LED_SMD:LED_0603_1608Metric_Castellated</footprint>
      <datasheet>~</datasheet>
      <fields>
        <field name="LSCS">C2286</field>
      </fields>
      <libsource lib="lscs_components" part="LED_RED" description="Light emitting diode"/>
      <sheetpath names="/" tstamps="/"/>
      <tstamp>5E8D4F66</tstamp>
    </comp>
    <comp ref="D21">
      <value>LED_RED</value>
      <footprint>LED_SMD:LED_0603_1608Metric_Castellated</footprint>
      <datasheet>~</datasheet>
      <fields>
        <field name="LSCS">C2286</field>
      </fields>
      <libsource lib="lscs_components" part="LED_RED" description="Light emitting diode"/>
      <sheetpath names="/" tstamps="/"/>
      <tstamp>5E8D4F6D</tstamp>
    </comp>
    <comp ref="D37">
      <value>LED_RED</value>
      <footprint>LED_SMD:LED_0603_1608Metric_Castellated</footprint>
      <datasheet>~</datasheet>
      <fields>
        <field name="LSCS">C2286</field>
      </fields>
      <libsource lib="lscs_components" part="LED_RED" description="Light emitting diode"/>
      <sheetpath names="/" tstamps="/"/>
      <tstamp>5E8D4F74</tstamp>
    </comp>
    <comp ref="D53">
      <value>LED_RED</value>
      <footprint>LED_SMD:LED_0603_1608Metric_Castellated</footprint>
      <datasheet>~</datasheet>
      <fields>
        <field name="LSCS">C2286</field>
      </fields>
      <libsource lib="lscs_components" part="LED_RED" description="Light emitting diode"/>
      <sheetpath names="/" tstamps="/"/>
      <tstamp>5E8D4F82</tstamp>
    </comp>
    <comp ref="D69">
      <value>LED_RED</value>
      <footprint>LED_SMD:LED_0603_1608Metric_Castellated</footprint>
      <datasheet>~</datasheet>
      <fields>
        <field name="LSCS">C2286</field>
      </fields>
      <libsource lib="lscs_components" part="LED_RED" description="Light emitting diode"/>
      <sheetpath names="/" tstamps="/"/>
      <tstamp>5E8D4F8A</tstamp>
    </comp>
    <comp ref="D85">
      <value>LED_RED</value>
      <footprint>LED_SMD:LED_0603_1608Metric_Castellated</footprint>
      <datasheet>~</datasheet>
      <fields>
        <field name="LSCS">C2286</field>
      </fields>
      <libsource lib="lscs_components" part="LED_RED" description="Light emitting diode"/>
      <sheetpath names="/" tstamps="/"/>
      <tstamp>5E8D4F91</tstamp>
    </comp>
    <comp ref="D101">
      <value>LED_RED</value>
      <footprint>LED_SMD:LED_0603_1608Metric_Castellated</footprint>
      <datasheet>~</datasheet>
      <fields>
        <field name="LSCS">C2286</field>
      </fields>
      <libsource lib="lscs_components" part="LED_RED" description="Light emitting diode"/>
      <sheetpath names="/" tstamps="/"/>
      <tstamp>5E8D4F98</tstamp>
    </comp>
    <comp ref="D117">
      <value>LED_RED</value>
      <footprint>LED_SMD:LED_0603_1608Metric_Castellated</footprint>
      <datasheet>~</datasheet>
      <fields>
        <field name="LSCS">C2286</field>
      </fields>
      <libsource lib="lscs_components" part="LED_RED" description="Light emitting diode"/>
      <sheetpath names="/" tstamps="/"/>
      <tstamp>5E8D4FA6</tstamp>
    </comp>
    <comp ref="D6">
      <value>LED_RED</value>
      <footprint>LED_SMD:LED_0603_1608Metric_Castellated</footprint>
      <datasheet>~</datasheet>
      <fields>
        <field name="LSCS">C2286</field>
      </fields>
      <libsource lib="lscs_components" part="LED_RED" description="Light emitting diode"/>
      <sheetpath names="/" tstamps="/"/>
      <tstamp>5E906EEC</tstamp>
    </comp>
    <comp ref="D22">
      <value>LED_RED</value>
      <footprint>LED_SMD:LED_0603_1608Metric_Castellated</footprint>
      <datasheet>~</datasheet>
      <fields>
        <field name="LSCS">C2286</field>
      </fields>
      <libsource lib="lscs_components" part="LED_RED" description="Light emitting diode"/>
      <sheetpath names="/" tstamps="/"/>
      <tstamp>5E906EF3</tstamp>
    </comp>
    <comp ref="D38">
      <value>LED_RED</value>
      <footprint>LED_SMD:LED_0603_1608Metric_Castellated</footprint>
      <datasheet>~</datasheet>
      <fields>
        <field name="LSCS">C2286</field>
      </fields>
      <libsource lib="lscs_components" part="LED_RED" description="Light emitting diode"/>
      <sheetpath names="/" tstamps="/"/>
      <tstamp>5E906EFA</tstamp>
    </comp>
    <comp ref="D54">
      <value>LED_RED</value>
      <footprint>LED_SMD:LED_0603_1608Metric_Castellated</footprint>
      <datasheet>~</datasheet>
      <fields>
        <field name="LSCS">C2286</field>
      </fields>
      <libsource lib="lscs_components" part="LED_RED" description="Light emitting diode"/>
      <sheetpath names="/" tstamps="/"/>
      <tstamp>5E906F08</tstamp>
    </comp>
    <comp ref="D70">
      <value>LED_RED</value>
      <footprint>LED_SMD:LED_0603_1608Metric_Castellated</footprint>
      <datasheet>~</datasheet>
      <fields>
        <field name="LSCS">C2286</field>
      </fields>
      <libsource lib="lscs_components" part="LED_RED" description="Light emitting diode"/>
      <sheetpath names="/" tstamps="/"/>
      <tstamp>5E906F10</tstamp>
    </comp>
    <comp ref="D86">
      <value>LED_RED</value>
      <footprint>LED_SMD:LED_0603_1608Metric_Castellated</footprint>
      <datasheet>~</datasheet>
      <fields>
        <field name="LSCS">C2286</field>
      </fields>
      <libsource lib="lscs_components" part="LED_RED" description="Light emitting diode"/>
      <sheetpath names="/" tstamps="/"/>
      <tstamp>5E906F17</tstamp>
    </comp>
    <comp ref="D102">
      <value>LED_RED</value>
      <footprint>LED_SMD:LED_0603_1608Metric_Castellated</footprint>
      <datasheet>~</datasheet>
      <fields>
        <field name="LSCS">C2286</field>
      </fields>
      <libsource lib="lscs_components" part="LED_RED" description="Light emitting diode"/>
      <sheetpath names="/" tstamps="/"/>
      <tstamp>5E906F1E</tstamp>
    </comp>
    <comp ref="D118">
      <value>LED_RED</value>
      <footprint>LED_SMD:LED_0603_1608Metric_Castellated</footprint>
      <datasheet>~</datasheet>
      <fields>
        <field name="LSCS">C2286</field>
      </fields>
      <libsource lib="lscs_components" part="LED_RED" description="Light emitting diode"/>
      <sheetpath names="/" tstamps="/"/>
      <tstamp>5E906F2C</tstamp>
    </comp>
    <comp ref="D7">
      <value>LED_RED</value>
      <footprint>LED_SMD:LED_0603_1608Metric_Castellated</footprint>
      <datasheet>~</datasheet>
      <fields>
        <field name="LSCS">C2286</field>
      </fields>
      <libsource lib="lscs_components" part="LED_RED" description="Light emitting diode"/>
      <sheetpath names="/" tstamps="/"/>
      <tstamp>5E93E0BF</tstamp>
    </comp>
    <comp ref="D23">
      <value>LED_RED</value>
      <footprint>LED_SMD:LED_0603_1608Metric_Castellated</footprint>
      <datasheet>~</datasheet>
      <fields>
        <field name="LSCS">C2286</field>
      </fields>
      <libsource lib="lscs_components" part="LED_RED" description="Light emitting diode"/>
      <sheetpath names="/" tstamps="/"/>
      <tstamp>5E93E0C6</tstamp>
    </comp>
    <comp ref="D39">
      <value>LED_RED</value>
      <footprint>LED_SMD:LED_0603_1608Metric_Castellated</footprint>
      <datasheet>~</datasheet>
      <fields>
        <field name="LSCS">C2286</field>
      </fields>
      <libsource lib="lscs_components" part="LED_RED" description="Light emitting diode"/>
      <sheetpath names="/" tstamps="/"/>
      <tstamp>5E93E0CD</tstamp>
    </comp>
    <comp ref="D55">
      <value>LED_RED</value>
      <footprint>LED_SMD:LED_0603_1608Metric_Castellated</footprint>
      <datasheet>~</datasheet>
      <fields>
        <field name="LSCS">C2286</field>
      </fields>
      <libsource lib="lscs_components" part="LED_RED" description="Light emitting diode"/>
      <sheetpath names="/" tstamps="/"/>
      <tstamp>5E93E0DB</tstamp>
    </comp>
    <comp ref="D71">
      <value>LED_RED</value>
      <footprint>LED_SMD:LED_0603_1608Metric_Castellated</footprint>
      <datasheet>~</datasheet>
      <fields>
        <field name="LSCS">C2286</field>
      </fields>
      <libsource lib="lscs_components" part="LED_RED" description="Light emitting diode"/>
      <sheetpath names="/" tstamps="/"/>
      <tstamp>5E93E0E3</tstamp>
    </comp>
    <comp ref="D87">
      <value>LED_RED</value>
      <footprint>LED_SMD:LED_0603_1608Metric_Castellated</footprint>
      <datasheet>~</datasheet>
      <fields>
        <field name="LSCS">C2286</field>
      </fields>
      <libsource lib="lscs_components" part="LED_RED" description="Light emitting diode"/>
      <sheetpath names="/" tstamps="/"/>
      <tstamp>5E93E0EA</tstamp>
    </comp>
    <comp ref="D103">
      <value>LED_RED</value>
      <footprint>LED_SMD:LED_0603_1608Metric_Castellated</footprint>
      <datasheet>~</datasheet>
      <fields>
        <field name="LSCS">C2286</field>
      </fields>
      <libsource lib="lscs_components" part="LED_RED" description="Light emitting diode"/>
      <sheetpath names="/" tstamps="/"/>
      <tstamp>5E93E0F1</tstamp>
    </comp>
    <comp ref="D119">
      <value>LED_RED</value>
      <footprint>LED_SMD:LED_0603_1608Metric_Castellated</footprint>
      <datasheet>~</datasheet>
      <fields>
        <field name="LSCS">C2286</field>
      </fields>
      <libsource lib="lscs_components" part="LED_RED" description="Light emitting diode"/>
      <sheetpath names="/" tstamps="/"/>
      <tstamp>5E93E0FF</tstamp>
    </comp>
    <comp ref="D8">
      <value>LED_RED</value>
      <footprint>LED_SMD:LED_0603_1608Metric_Castellated</footprint>
      <datasheet>~</datasheet>
      <fields>
        <field name="LSCS">C2286</field>
      </fields>
      <libsource lib="lscs_components" part="LED_RED" description="Light emitting diode"/>
      <sheetpath names="/" tstamps="/"/>
      <tstamp>5E9768FF</tstamp>
    </comp>
    <comp ref="D24">
      <value>LED_RED</value>
      <footprint>LED_SMD:LED_0603_1608Metric_Castellated</footprint>
      <datasheet>~</datasheet>
      <fields>
        <field name="LSCS">C2286</field>
      </fields>
      <libsource lib="lscs_components" part="LED_RED" description="Light emitting diode"/>
      <sheetpath names="/" tstamps="/"/>
      <tstamp>5E976906</tstamp>
    </comp>
    <comp ref="D40">
      <value>LED_RED</value>
      <footprint>LED_SMD:LED_0603_1608Metric_Castellated</footprint>
      <datasheet>~</datasheet>
      <fields>
        <field name="LSCS">C2286</field>
      </fields>
      <libsource lib="lscs_components" part="LED_RED" description="Light emitting diode"/>
      <sheetpath names="/" tstamps="/"/>
      <tstamp>5E97690D</tstamp>
    </comp>
    <comp ref="D56">
      <value>LED_RED</value>
      <footprint>LED_SMD:LED_0603_1608Metric_Castellated</footprint>
      <datasheet>~</datasheet>
      <fields>
        <field name="LSCS">C2286</field>
      </fields>
      <libsource lib="lscs_components" part="LED_RED" description="Light emitting diode"/>
      <sheetpath names="/" tstamps="/"/>
      <tstamp>5E97691B</tstamp>
    </comp>
    <comp ref="D72">
      <value>LED_RED</value>
      <footprint>LED_SMD:LED_0603_1608Metric_Castellated</footprint>
      <datasheet>~</datasheet>
      <fields>
        <field name="LSCS">C2286</field>
      </fields>
      <libsource lib="lscs_components" part="LED_RED" description="Light emitting diode"/>
      <sheetpath names="/" tstamps="/"/>
      <tstamp>5E976923</tstamp>
    </comp>
    <comp ref="D88">
      <value>LED_RED</value>
      <footprint>LED_SMD:LED_0603_1608Metric_Castellated</footprint>
      <datasheet>~</datasheet>
      <fields>
        <field name="LSCS">C2286</field>
      </fields>
      <libsource lib="lscs_components" part="LED_RED" description="Light emitting diode"/>
      <sheetpath names="/" tstamps="/"/>
      <tstamp>5E97692A</tstamp>
    </comp>
    <comp ref="D104">
      <value>LED_RED</value>
      <footprint>LED_SMD:LED_0603_1608Metric_Castellated</footprint>
      <datasheet>~</datasheet>
      <fields>
        <field name="LSCS">C2286</field>
      </fields>
      <libsource lib="lscs_components" part="LED_RED" description="Light emitting diode"/>
      <sheetpath names="/" tstamps="/"/>
      <tstamp>5E976931</tstamp>
    </comp>
    <comp ref="D120">
      <value>LED_RED</value>
      <footprint>LED_SMD:LED_0603_1608Metric_Castellated</footprint>
      <datasheet>~</datasheet>
      <fields>
        <field name="LSCS">C2286</field>
      </fields>
      <libsource lib="lscs_components" part="LED_RED" description="Light emitting diode"/>
      <sheetpath names="/" tstamps="/"/>
      <tstamp>5E97693F</tstamp>
    </comp>
    <comp ref="D9">
      <value>LED_RED</value>
      <footprint>LED_SMD:LED_0603_1608Metric_Castellated</footprint>
      <datasheet>~</datasheet>
      <fields>
        <field name="LSCS">C2286</field>
      </fields>
      <libsource lib="lscs_components" part="LED_RED" description="Light emitting diode"/>
      <sheetpath names="/" tstamps="/"/>
      <tstamp>5E9B398C</tstamp>
    </comp>
    <comp ref="D25">
      <value>LED_RED</value>
      <footprint>LED_SMD:LED_0603_1608Metric_Castellated</footprint>
      <datasheet>~</datasheet>
      <fields>
        <field name="LSCS">C2286</field>
      </fields>
      <libsource lib="lscs_components" part="LED_RED" description="Light emitting diode"/>
      <sheetpath names="/" tstamps="/"/>
      <tstamp>5E9B3993</tstamp>
    </comp>
    <comp ref="D41">
      <value>LED_RED</value>
      <footprint>LED_SMD:LED_0603_1608Metric_Castellated</footprint>
      <datasheet>~</datasheet>
      <fields>
        <field name="LSCS">C2286</field>
      </fields>
      <libsource lib="lscs_components" part="LED_RED" description="Light emitting diode"/>
      <sheetpath names="/" tstamps="/"/>
      <tstamp>5E9B399A</tstamp>
    </comp>
    <comp ref="D57">
      <value>LED_RED</value>
      <footprint>LED_SMD:LED_0603_1608Metric_Castellated</footprint>
      <datasheet>~</datasheet>
      <fields>
        <field name="LSCS">C2286</field>
      </fields>
      <libsource lib="lscs_components" part="LED_RED" description="Light emitting diode"/>
      <sheetpath names="/" tstamps="/"/>
      <tstamp>5E9B39A8</tstamp>
    </comp>
    <comp ref="D73">
      <value>LED_RED</value>
      <footprint>LED_SMD:LED_0603_1608Metric_Castellated</footprint>
      <datasheet>~</datasheet>
      <fields>
        <field name="LSCS">C2286</field>
      </fields>
      <libsource lib="lscs_components" part="LED_RED" description="Light emitting diode"/>
      <sheetpath names="/" tstamps="/"/>
      <tstamp>5E9B39B0</tstamp>
    </comp>
    <comp ref="D89">
      <value>LED_RED</value>
      <footprint>LED_SMD:LED_0603_1608Metric_Castellated</footprint>
      <datasheet>~</datasheet>
      <fields>
        <field name="LSCS">C2286</field>
      </fields>
      <libsource lib="lscs_components" part="LED_RED" description="Light emitting diode"/>
      <sheetpath names="/" tstamps="/"/>
      <tstamp>5E9B39B7</tstamp>
    </comp>
    <comp ref="D105">
      <value>LED_RED</value>
      <footprint>LED_SMD:LED_0603_1608Metric_Castellated</footprint>
      <datasheet>~</datasheet>
      <fields>
        <field name="LSCS">C2286</field>
      </fields>
      <libsource lib="lscs_components" part="LED_RED" description="Light emitting diode"/>
      <sheetpath names="/" tstamps="/"/>
      <tstamp>5E9B39BE</tstamp>
    </comp>
    <comp ref="D121">
      <value>LED_RED</value>
      <footprint>LED_SMD:LED_0603_1608Metric_Castellated</footprint>
      <datasheet>~</datasheet>
      <fields>
        <field name="LSCS">C2286</field>
      </fields>
      <libsource lib="lscs_components" part="LED_RED" description="Light emitting diode"/>
      <sheetpath names="/" tstamps="/"/>
      <tstamp>5E9B39CC</tstamp>
    </comp>
    <comp ref="D10">
      <value>LED_RED</value>
      <footprint>LED_SMD:LED_0603_1608Metric_Castellated</footprint>
      <datasheet>~</datasheet>
      <fields>
        <field name="LSCS">C2286</field>
      </fields>
      <libsource lib="lscs_components" part="LED_RED" description="Light emitting diode"/>
      <sheetpath names="/" tstamps="/"/>
      <tstamp>5EA282A1</tstamp>
    </comp>
    <comp ref="D26">
      <value>LED_RED</value>
      <footprint>LED_SMD:LED_0603_1608Metric_Castellated</footprint>
      <datasheet>~</datasheet>
      <fields>
        <field name="LSCS">C2286</field>
      </fields>
      <libsource lib="lscs_components" part="LED_RED" description="Light emitting diode"/>
      <sheetpath names="/" tstamps="/"/>
      <tstamp>5EA282A8</tstamp>
    </comp>
    <comp ref="D42">
      <value>LED_RED</value>
      <footprint>LED_SMD:LED_0603_1608Metric_Castellated</footprint>
      <datasheet>~</datasheet>
      <fields>
        <field name="LSCS">C2286</field>
      </fields>
      <libsource lib="lscs_components" part="LED_RED" description="Light emitting diode"/>
      <sheetpath names="/" tstamps="/"/>
      <tstamp>5EA282AF</tstamp>
    </comp>
    <comp ref="D58">
      <value>LED_RED</value>
      <footprint>LED_SMD:LED_0603_1608Metric_Castellated</footprint>
      <datasheet>~</datasheet>
      <fields>
        <field name="LSCS">C2286</field>
      </fields>
      <libsource lib="lscs_components" part="LED_RED" description="Light emitting diode"/>
      <sheetpath names="/" tstamps="/"/>
      <tstamp>5EA282BD</tstamp>
    </comp>
    <comp ref="D74">
      <value>LED_RED</value>
      <footprint>LED_SMD:LED_0603_1608Metric_Castellated</footprint>
      <datasheet>~</datasheet>
      <fields>
        <field name="LSCS">C2286</field>
      </fields>
      <libsource lib="lscs_components" part="LED_RED" description="Light emitting diode"/>
      <sheetpath names="/" tstamps="/"/>
      <tstamp>5EA282C5</tstamp>
    </comp>
    <comp ref="D90">
      <value>LED_RED</value>
      <footprint>LED_SMD:LED_0603_1608Metric_Castellated</footprint>
      <datasheet>~</datasheet>
      <fields>
        <field name="LSCS">C2286</field>
      </fields>
      <libsource lib="lscs_components" part="LED_RED" description="Light emitting diode"/>
      <sheetpath names="/" tstamps="/"/>
      <tstamp>5EA282CC</tstamp>
    </comp>
    <comp ref="D106">
      <value>LED_RED</value>
      <footprint>LED_SMD:LED_0603_1608Metric_Castellated</footprint>
      <datasheet>~</datasheet>
      <fields>
        <field name="LSCS">C2286</field>
      </fields>
      <libsource lib="lscs_components" part="LED_RED" description="Light emitting diode"/>
      <sheetpath names="/" tstamps="/"/>
      <tstamp>5EA282D3</tstamp>
    </comp>
    <comp ref="D122">
      <value>LED_RED</value>
      <footprint>LED_SMD:LED_0603_1608Metric_Castellated</footprint>
      <datasheet>~</datasheet>
      <fields>
        <field name="LSCS">C2286</field>
      </fields>
      <libsource lib="lscs_components" part="LED_RED" description="Light emitting diode"/>
      <sheetpath names="/" tstamps="/"/>
      <tstamp>5EA282E1</tstamp>
    </comp>
    <comp ref="D11">
      <value>LED_RED</value>
      <footprint>LED_SMD:LED_0603_1608Metric_Castellated</footprint>
      <datasheet>~</datasheet>
      <fields>
        <field name="LSCS">C2286</field>
      </fields>
      <libsource lib="lscs_components" part="LED_RED" description="Light emitting diode"/>
      <sheetpath names="/" tstamps="/"/>
      <tstamp>5EA282EA</tstamp>
    </comp>
    <comp ref="D27">
      <value>LED_RED</value>
      <footprint>LED_SMD:LED_0603_1608Metric_Castellated</footprint>
      <datasheet>~</datasheet>
      <fields>
        <field name="LSCS">C2286</field>
      </fields>
      <libsource lib="lscs_components" part="LED_RED" description="Light emitting diode"/>
      <sheetpath names="/" tstamps="/"/>
      <tstamp>5EA282F1</tstamp>
    </comp>
    <comp ref="D43">
      <value>LED_RED</value>
      <footprint>LED_SMD:LED_0603_1608Metric_Castellated</footprint>
      <datasheet>~</datasheet>
      <fields>
        <field name="LSCS">C2286</field>
      </fields>
      <libsource lib="lscs_components" part="LED_RED" description="Light emitting diode"/>
      <sheetpath names="/" tstamps="/"/>
      <tstamp>5EA282F8</tstamp>
    </comp>
    <comp ref="D59">
      <value>LED_RED</value>
      <footprint>LED_SMD:LED_0603_1608Metric_Castellated</footprint>
      <datasheet>~</datasheet>
      <fields>
        <field name="LSCS">C2286</field>
      </fields>
      <libsource lib="lscs_components" part="LED_RED" description="Light emitting diode"/>
      <sheetpath names="/" tstamps="/"/>
      <tstamp>5EA28306</tstamp>
    </comp>
    <comp ref="D75">
      <value>LED_RED</value>
      <footprint>LED_SMD:LED_0603_1608Metric_Castellated</footprint>
      <datasheet>~</datasheet>
      <fields>
        <field name="LSCS">C2286</field>
      </fields>
      <libsource lib="lscs_components" part="LED_RED" description="Light emitting diode"/>
      <sheetpath names="/" tstamps="/"/>
      <tstamp>5EA2830E</tstamp>
    </comp>
    <comp ref="D91">
      <value>LED_RED</value>
      <footprint>LED_SMD:LED_0603_1608Metric_Castellated</footprint>
      <datasheet>~</datasheet>
      <fields>
        <field name="LSCS">C2286</field>
      </fields>
      <libsource lib="lscs_components" part="LED_RED" description="Light emitting diode"/>
      <sheetpath names="/" tstamps="/"/>
      <tstamp>5EA28315</tstamp>
    </comp>
    <comp ref="D107">
      <value>LED_RED</value>
      <footprint>LED_SMD:LED_0603_1608Metric_Castellated</footprint>
      <datasheet>~</datasheet>
      <fields>
        <field name="LSCS">C2286</field>
      </fields>
      <libsource lib="lscs_components" part="LED_RED" description="Light emitting diode"/>
      <sheetpath names="/" tstamps="/"/>
      <tstamp>5EA2831C</tstamp>
    </comp>
    <comp ref="D123">
      <value>LED_RED</value>
      <footprint>LED_SMD:LED_0603_1608Metric_Castellated</footprint>
      <datasheet>~</datasheet>
      <fields>
        <field name="LSCS">C2286</field>
      </fields>
      <libsource lib="lscs_components" part="LED_RED" description="Light emitting diode"/>
      <sheetpath names="/" tstamps="/"/>
      <tstamp>5EA2832A</tstamp>
    </comp>
    <comp ref="D12">
      <value>LED_RED</value>
      <footprint>LED_SMD:LED_0603_1608Metric_Castellated</footprint>
      <datasheet>~</datasheet>
      <fields>
        <field name="LSCS">C2286</field>
      </fields>
      <libsource lib="lscs_components" part="LED_RED" description="Light emitting diode"/>
      <sheetpath names="/" tstamps="/"/>
      <tstamp>5EA28333</tstamp>
    </comp>
    <comp ref="D28">
      <value>LED_RED</value>
      <footprint>LED_SMD:LED_0603_1608Metric_Castellated</footprint>
      <datasheet>~</datasheet>
      <fields>
        <field name="LSCS">C2286</field>
      </fields>
      <libsource lib="lscs_components" part="LED_RED" description="Light emitting diode"/>
      <sheetpath names="/" tstamps="/"/>
      <tstamp>5EA2833A</tstamp>
    </comp>
    <comp ref="D44">
      <value>LED_RED</value>
      <footprint>LED_SMD:LED_0603_1608Metric_Castellated</footprint>
      <datasheet>~</datasheet>
      <fields>
        <field name="LSCS">C2286</field>
      </fields>
      <libsource lib="lscs_components" part="LED_RED" description="Light emitting diode"/>
      <sheetpath names="/" tstamps="/"/>
      <tstamp>5EA28341</tstamp>
    </comp>
    <comp ref="D60">
      <value>LED_RED</value>
      <footprint>LED_SMD:LED_0603_1608Metric_Castellated</footprint>
      <datasheet>~</datasheet>
      <fields>
        <field name="LSCS">C2286</field>
      </fields>
      <libsource lib="lscs_components" part="LED_RED" description="Light emitting diode"/>
      <sheetpath names="/" tstamps="/"/>
      <tstamp>5EA2834F</tstamp>
    </comp>
    <comp ref="D76">
      <value>LED_RED</value>
      <footprint>LED_SMD:LED_0603_1608Metric_Castellated</footprint>
      <datasheet>~</datasheet>
      <fields>
        <field name="LSCS">C2286</field>
      </fields>
      <libsource lib="lscs_components" part="LED_RED" description="Light emitting diode"/>
      <sheetpath names="/" tstamps="/"/>
      <tstamp>5EA28357</tstamp>
    </comp>
    <comp ref="D92">
      <value>LED_RED</value>
      <footprint>LED_SMD:LED_0603_1608Metric_Castellated</footprint>
      <datasheet>~</datasheet>
      <fields>
        <field name="LSCS">C2286</field>
      </fields>
      <libsource lib="lscs_components" part="LED_RED" description="Light emitting diode"/>
      <sheetpath names="/" tstamps="/"/>
      <tstamp>5EA2835E</tstamp>
    </comp>
    <comp ref="D108">
      <value>LED_RED</value>
      <footprint>LED_SMD:LED_0603_1608Metric_Castellated</footprint>
      <datasheet>~</datasheet>
      <fields>
        <field name="LSCS">C2286</field>
      </fields>
      <libsource lib="lscs_components" part="LED_RED" description="Light emitting diode"/>
      <sheetpath names="/" tstamps="/"/>
      <tstamp>5EA28365</tstamp>
    </comp>
    <comp ref="D124">
      <value>LED_RED</value>
      <footprint>LED_SMD:LED_0603_1608Metric_Castellated</footprint>
      <datasheet>~</datasheet>
      <fields>
        <field name="LSCS">C2286</field>
      </fields>
      <libsource lib="lscs_components" part="LED_RED" description="Light emitting diode"/>
      <sheetpath names="/" tstamps="/"/>
      <tstamp>5EA28373</tstamp>
    </comp>
    <comp ref="D13">
      <value>LED_RED</value>
      <footprint>LED_SMD:LED_0603_1608Metric_Castellated</footprint>
      <datasheet>~</datasheet>
      <fields>
        <field name="LSCS">C2286</field>
      </fields>
      <libsource lib="lscs_components" part="LED_RED" description="Light emitting diode"/>
      <sheetpath names="/" tstamps="/"/>
      <tstamp>5EA2837C</tstamp>
    </comp>
    <comp ref="D29">
      <value>LED_RED</value>
      <footprint>LED_SMD:LED_0603_1608Metric_Castellated</footprint>
      <datasheet>~</datasheet>
      <fields>
        <field name="LSCS">C2286</field>
      </fields>
      <libsource lib="lscs_components" part="LED_RED" description="Light emitting diode"/>
      <sheetpath names="/" tstamps="/"/>
      <tstamp>5EA28383</tstamp>
    </comp>
    <comp ref="D45">
      <value>LED_RED</value>
      <footprint>LED_SMD:LED_0603_1608Metric_Castellated</footprint>
      <datasheet>~</datasheet>
      <fields>
        <field name="LSCS">C2286</field>
      </fields>
      <libsource lib="lscs_components" part="LED_RED" description="Light emitting diode"/>
      <sheetpath names="/" tstamps="/"/>
      <tstamp>5EA2838A</tstamp>
    </comp>
    <comp ref="D61">
      <value>LED_RED</value>
      <footprint>LED_SMD:LED_0603_1608Metric_Castellated</footprint>
      <datasheet>~</datasheet>
      <fields>
        <field name="LSCS">C2286</field>
      </fields>
      <libsource lib="lscs_components" part="LED_RED" description="Light emitting diode"/>
      <sheetpath names="/" tstamps="/"/>
      <tstamp>5EA28398</tstamp>
    </comp>
    <comp ref="D77">
      <value>LED_RED</value>
      <footprint>LED_SMD:LED_0603_1608Metric_Castellated</footprint>
      <datasheet>~</datasheet>
      <fields>
        <field name="LSCS">C2286</field>
      </fields>
      <libsource lib="lscs_components" part="LED_RED" description="Light emitting diode"/>
      <sheetpath names="/" tstamps="/"/>
      <tstamp>5EA283A0</tstamp>
    </comp>
    <comp ref="D93">
      <value>LED_RED</value>
      <footprint>LED_SMD:LED_0603_1608Metric_Castellated</footprint>
      <datasheet>~</datasheet>
      <fields>
        <field name="LSCS">C2286</field>
      </fields>
      <libsource lib="lscs_components" part="LED_RED" description="Light emitting diode"/>
      <sheetpath names="/" tstamps="/"/>
      <tstamp>5EA283A7</tstamp>
    </comp>
    <comp ref="D109">
      <value>LED_RED</value>
      <footprint>LED_SMD:LED_0603_1608Metric_Castellated</footprint>
      <datasheet>~</datasheet>
      <fields>
        <field name="LSCS">C2286</field>
      </fields>
      <libsource lib="lscs_components" part="LED_RED" description="Light emitting diode"/>
      <sheetpath names="/" tstamps="/"/>
      <tstamp>5EA283AE</tstamp>
    </comp>
    <comp ref="D125">
      <value>LED_RED</value>
      <footprint>LED_SMD:LED_0603_1608Metric_Castellated</footprint>
      <datasheet>~</datasheet>
      <fields>
        <field name="LSCS">C2286</field>
      </fields>
      <libsource lib="lscs_components" part="LED_RED" description="Light emitting diode"/>
      <sheetpath names="/" tstamps="/"/>
      <tstamp>5EA283BC</tstamp>
    </comp>
    <comp ref="D14">
      <value>LED_RED</value>
      <footprint>LED_SMD:LED_0603_1608Metric_Castellated</footprint>
      <datasheet>~</datasheet>
      <fields>
        <field name="LSCS">C2286</field>
      </fields>
      <libsource lib="lscs_components" part="LED_RED" description="Light emitting diode"/>
      <sheetpath names="/" tstamps="/"/>
      <tstamp>5EA283C5</tstamp>
    </comp>
    <comp ref="D30">
      <value>LED_RED</value>
      <footprint>LED_SMD:LED_0603_1608Metric_Castellated</footprint>
      <datasheet>~</datasheet>
      <fields>
        <field name="LSCS">C2286</field>
      </fields>
      <libsource lib="lscs_components" part="LED_RED" description="Light emitting diode"/>
      <sheetpath names="/" tstamps="/"/>
      <tstamp>5EA283CC</tstamp>
    </comp>
    <comp ref="D46">
      <value>LED_RED</value>
      <footprint>LED_SMD:LED_0603_1608Metric_Castellated</footprint>
      <datasheet>~</datasheet>
      <fields>
        <field name="LSCS">C2286</field>
      </fields>
      <libsource lib="lscs_components" part="LED_RED" description="Light emitting diode"/>
      <sheetpath names="/" tstamps="/"/>
      <tstamp>5EA283D3</tstamp>
    </comp>
    <comp ref="D62">
      <value>LED_RED</value>
      <footprint>LED_SMD:LED_0603_1608Metric_Castellated</footprint>
      <datasheet>~</datasheet>
      <fields>
        <field name="LSCS">C2286</field>
      </fields>
      <libsource lib="lscs_components" part="LED_RED" description="Light emitting diode"/>
      <sheetpath names="/" tstamps="/"/>
      <tstamp>5EA283E1</tstamp>
    </comp>
    <comp ref="D78">
      <value>LED_RED</value>
      <footprint>LED_SMD:LED_0603_1608Metric_Castellated</footprint>
      <datasheet>~</datasheet>
      <fields>
        <field name="LSCS">C2286</field>
      </fields>
      <libsource lib="lscs_components" part="LED_RED" description="Light emitting diode"/>
      <sheetpath names="/" tstamps="/"/>
      <tstamp>5EA283E9</tstamp>
    </comp>
    <comp ref="D94">
      <value>LED_RED</value>
      <footprint>LED_SMD:LED_0603_1608Metric_Castellated</footprint>
      <datasheet>~</datasheet>
      <fields>
        <field name="LSCS">C2286</field>
      </fields>
      <libsource lib="lscs_components" part="LED_RED" description="Light emitting diode"/>
      <sheetpath names="/" tstamps="/"/>
      <tstamp>5EA283F0</tstamp>
    </comp>
    <comp ref="D110">
      <value>LED_RED</value>
      <footprint>LED_SMD:LED_0603_1608Metric_Castellated</footprint>
      <datasheet>~</datasheet>
      <fields>
        <field name="LSCS">C2286</field>
      </fields>
      <libsource lib="lscs_components" part="LED_RED" description="Light emitting diode"/>
      <sheetpath names="/" tstamps="/"/>
      <tstamp>5EA283F7</tstamp>
    </comp>
    <comp ref="D126">
      <value>LED_RED</value>
      <footprint>LED_SMD:LED_0603_1608Metric_Castellated</footprint>
      <datasheet>~</datasheet>
      <fields>
        <field name="LSCS">C2286</field>
      </fields>
      <libsource lib="lscs_components" part="LED_RED" description="Light emitting diode"/>
      <sheetpath names="/" tstamps="/"/>
      <tstamp>5EA28405</tstamp>
    </comp>
    <comp ref="D15">
      <value>LED_RED</value>
      <footprint>LED_SMD:LED_0603_1608Metric_Castellated</footprint>
      <datasheet>~</datasheet>
      <fields>
        <field name="LSCS">C2286</field>
      </fields>
      <libsource lib="lscs_components" part="LED_RED" description="Light emitting diode"/>
      <sheetpath names="/" tstamps="/"/>
      <tstamp>5EA2840E</tstamp>
    </comp>
    <comp ref="D31">
      <value>LED_RED</value>
      <footprint>LED_SMD:LED_0603_1608Metric_Castellated</footprint>
      <datasheet>~</datasheet>
      <fields>
        <field name="LSCS">C2286</field>
      </fields>
      <libsource lib="lscs_components" part="LED_RED" description="Light emitting diode"/>
      <sheetpath names="/" tstamps="/"/>
      <tstamp>5EA28415</tstamp>
    </comp>
    <comp ref="D47">
      <value>LED_RED</value>
      <footprint>LED_SMD:LED_0603_1608Metric_Castellated</footprint>
      <datasheet>~</datasheet>
      <fields>
        <field name="LSCS">C2286</field>
      </fields>
      <libsource lib="lscs_components" part="LED_RED" description="Light emitting diode"/>
      <sheetpath names="/" tstamps="/"/>
      <tstamp>5EA2841C</tstamp>
    </comp>
    <comp ref="D63">
      <value>LED_RED</value>
      <footprint>LED_SMD:LED_0603_1608Metric_Castellated</footprint>
      <datasheet>~</datasheet>
      <fields>
        <field name="LSCS">C2286</field>
      </fields>
      <libsource lib="lscs_components" part="LED_RED" description="Light emitting diode"/>
      <sheetpath names="/" tstamps="/"/>
      <tstamp>5EA2842A</tstamp>
    </comp>
    <comp ref="D79">
      <value>LED_RED</value>
      <footprint>LED_SMD:LED_0603_1608Metric_Castellated</footprint>
      <datasheet>~</datasheet>
      <fields>
        <field name="LSCS">C2286</field>
      </fields>
      <libsource lib="lscs_components" part="LED_RED" description="Light emitting diode"/>
      <sheetpath names="/" tstamps="/"/>
      <tstamp>5EA28432</tstamp>
    </comp>
    <comp ref="D95">
      <value>LED_RED</value>
      <footprint>LED_SMD:LED_0603_1608Metric_Castellated</footprint>
      <datasheet>~</datasheet>
      <fields>
        <field name="LSCS">C2286</field>
      </fields>
      <libsource lib="lscs_components" part="LED_RED" description="Light emitting diode"/>
      <sheetpath names="/" tstamps="/"/>
      <tstamp>5EA28439</tstamp>
    </comp>
    <comp ref="D111">
      <value>LED_RED</value>
      <footprint>LED_SMD:LED_0603_1608Metric_Castellated</footprint>
      <datasheet>~</datasheet>
      <fields>
        <field name="LSCS">C2286</field>
      </fields>
      <libsource lib="lscs_components" part="LED_RED" description="Light emitting diode"/>
      <sheetpath names="/" tstamps="/"/>
      <tstamp>5EA28440</tstamp>
    </comp>
    <comp ref="D127">
      <value>LED_RED</value>
      <footprint>LED_SMD:LED_0603_1608Metric_Castellated</footprint>
      <datasheet>~</datasheet>
      <fields>
        <field name="LSCS">C2286</field>
      </fields>
      <libsource lib="lscs_components" part="LED_RED" description="Light emitting diode"/>
      <sheetpath names="/" tstamps="/"/>
      <tstamp>5EA2844E</tstamp>
    </comp>
    <comp ref="D16">
      <value>LED_RED</value>
      <footprint>LED_SMD:LED_0603_1608Metric_Castellated</footprint>
      <datasheet>~</datasheet>
      <fields>
        <field name="LSCS">C2286</field>
      </fields>
      <libsource lib="lscs_components" part="LED_RED" description="Light emitting diode"/>
      <sheetpath names="/" tstamps="/"/>
      <tstamp>5EA28457</tstamp>
    </comp>
    <comp ref="D32">
      <value>LED_RED</value>
      <footprint>LED_SMD:LED_0603_1608Metric_Castellated</footprint>
      <datasheet>~</datasheet>
      <fields>
        <field name="LSCS">C2286</field>
      </fields>
      <libsource lib="lscs_components" part="LED_RED" description="Light emitting diode"/>
      <sheetpath names="/" tstamps="/"/>
      <tstamp>5EA2845E</tstamp>
    </comp>
    <comp ref="D48">
      <value>LED_RED</value>
      <footprint>LED_SMD:LED_0603_1608Metric_Castellated</footprint>
      <datasheet>~</datasheet>
      <fields>
        <field name="LSCS">C2286</field>
      </fields>
      <libsource lib="lscs_components" part="LED_RED" description="Light emitting diode"/>
      <sheetpath names="/" tstamps="/"/>
      <tstamp>5EA28465</tstamp>
    </comp>
    <comp ref="D64">
      <value>LED_RED</value>
      <footprint>LED_SMD:LED_0603_1608Metric_Castellated</footprint>
      <datasheet>~</datasheet>
      <fields>
        <field name="LSCS">C2286</field>
      </fields>
      <libsource lib="lscs_components" part="LED_RED" description="Light emitting diode"/>
      <sheetpath names="/" tstamps="/"/>
      <tstamp>5EA28473</tstamp>
    </comp>
    <comp ref="D80">
      <value>LED_RED</value>
      <footprint>LED_SMD:LED_0603_1608Metric_Castellated</footprint>
      <datasheet>~</datasheet>
      <fields>
        <field name="LSCS">C2286</field>
      </fields>
      <libsource lib="lscs_components" part="LED_RED" description="Light emitting diode"/>
      <sheetpath names="/" tstamps="/"/>
      <tstamp>5EA2847B</tstamp>
    </comp>
    <comp ref="D96">
      <value>LED_RED</value>
      <footprint>LED_SMD:LED_0603_1608Metric_Castellated</footprint>
      <datasheet>~</datasheet>
      <fields>
        <field name="LSCS">C2286</field>
      </fields>
      <libsource lib="lscs_components" part="LED_RED" description="Light emitting diode"/>
      <sheetpath names="/" tstamps="/"/>
      <tstamp>5EA28482</tstamp>
    </comp>
    <comp ref="D112">
      <value>LED_RED</value>
      <footprint>LED_SMD:LED_0603_1608Metric_Castellated</footprint>
      <datasheet>~</datasheet>
      <fields>
        <field name="LSCS">C2286</field>
      </fields>
      <libsource lib="lscs_components" part="LED_RED" description="Light emitting diode"/>
      <sheetpath names="/" tstamps="/"/>
      <tstamp>5EA28489</tstamp>
    </comp>
    <comp ref="D128">
      <value>LED_RED</value>
      <footprint>LED_SMD:LED_0603_1608Metric_Castellated</footprint>
      <datasheet>~</datasheet>
      <fields>
        <field name="LSCS">C2286</field>
      </fields>
      <libsource lib="lscs_components" part="LED_RED" description="Light emitting diode"/>
      <sheetpath names="/" tstamps="/"/>
      <tstamp>5EA28497</tstamp>
    </comp>
    <comp ref="U1">
      <value>MCP23017_SO</value>
      <footprint>Package_SO:SOIC-28W_7.5x17.9mm_P1.27mm</footprint>
      <datasheet>http://ww1.microchip.com/downloads/en/DeviceDoc/20001952C.pdf</datasheet>
      <fields>
        <field name="LSCS">C47023</field>
      </fields>
      <libsource lib="Interface_Expansion" part="MCP23017_SO" description="16-bit I/O expander, I2C, interrupts, w pull-ups, SOIC-28"/>
      <sheetpath names="/" tstamps="/"/>
      <tstamp>5E2EFA8F</tstamp>
    </comp>
    <comp ref="SW1">
      <value>SW_Push</value>
      <footprint>Button_Switch_Keyboard:SW_Cherry_MX_1.00u_PCB</footprint>
      <datasheet>~</datasheet>
      <libsource lib="Switch" part="SW_Push" description="Push button switch, generic, two pins"/>
      <sheetpath names="/" tstamps="/"/>
      <tstamp>614F73B0</tstamp>
    </comp>
    <comp ref="SWA1">
      <value>SW_DIP_x03</value>
      <footprint>Button_Switch_THT:SW_DIP_SPSTx03_Slide_9.78x9.8mm_W7.62mm_P2.54mm</footprint>
      <datasheet>~</datasheet>
      <libsource lib="Switch" part="SW_DIP_x03" description="3x DIP Switch, Single Pole Single Throw (SPST) switch, small symbol"/>
      <sheetpath names="/" tstamps="/"/>
      <tstamp>61E62B3A</tstamp>
    </comp>
    <comp ref="R4">
      <value>R_10K</value>
      <footprint>Resistor_SMD:R_0402_1005Metric</footprint>
      <datasheet>~</datasheet>
      <fields>
        <field name="LSCS">C25744</field>
      </fields>
      <libsource lib="lscs_components" part="R_10K" description="Resistor"/>
      <sheetpath names="/" tstamps="/"/>
      <tstamp>61FCF32D</tstamp>
    </comp>
    <comp ref="R5">
      <value>R_10K</value>
      <footprint>Resistor_SMD:R_0402_1005Metric</footprint>
      <datasheet>~</datasheet>
      <fields>
        <field name="LSCS">C25744</field>
      </fields>
      <libsource lib="lscs_components" part="R_10K" description="Resistor"/>
      <sheetpath names="/" tstamps="/"/>
      <tstamp>6213EA1F</tstamp>
    </comp>
    <comp ref="R6">
      <value>R_10K</value>
      <footprint>Resistor_SMD:R_0402_1005Metric</footprint>
      <datasheet>~</datasheet>
      <fields>
        <field name="LSCS">C25744</field>
      </fields>
      <libsource lib="lscs_components" part="R_10K" description="Resistor"/>
      <sheetpath names="/" tstamps="/"/>
      <tstamp>6213EDF2</tstamp>
    </comp>
    <comp ref="J2">
      <value>T_I2C0</value>
      <footprint>Connector_JST:JST_PH_B4B-PH-K_1x04_P2.00mm_Vertical</footprint>
      <libsource lib="chordboard-components" part="GROVE_I2C" description="Connector, single row, 01x04, pin header"/>
      <sheetpath names="/" tstamps="/"/>
      <tstamp>62C4574D</tstamp>
    </comp>
    <comp ref="J3">
      <value>T_I2C0</value>
      <footprint>Connector_JST:JST_PH_B4B-PH-K_1x04_P2.00mm_Vertical</footprint>
      <libsource lib="chordboard-components" part="GROVE_I2C" description="Connector, single row, 01x04, pin header"/>
      <sheetpath names="/" tstamps="/"/>
      <tstamp>62CC9FAA</tstamp>
    </comp>
    <comp ref="SWA2">
      <value>SW_DIP_x03</value>
      <footprint>Button_Switch_THT:SW_DIP_SPSTx03_Slide_9.78x9.8mm_W7.62mm_P2.54mm</footprint>
      <datasheet>~</datasheet>
      <libsource lib="Switch" part="SW_DIP_x03" description="3x DIP Switch, Single Pole Single Throw (SPST) switch, small symbol"/>
      <sheetpath names="/" tstamps="/"/>
      <tstamp>62D590A2</tstamp>
    </comp>
    <comp ref="SW2">
      <value>SW_Push</value>
      <footprint>Button_Switch_Keyboard:SW_Cherry_MX_1.00u_PCB</footprint>
      <datasheet>~</datasheet>
      <libsource lib="Switch" part="SW_Push" description="Push button switch, generic, two pins"/>
      <sheetpath names="/" tstamps="/"/>
      <tstamp>6330ACFF</tstamp>
    </comp>
    <comp ref="SW3">
      <value>SW_Push</value>
      <footprint>Button_Switch_Keyboard:SW_Cherry_MX_1.00u_PCB</footprint>
      <datasheet>~</datasheet>
      <libsource lib="Switch" part="SW_Push" description="Push button switch, generic, two pins"/>
      <sheetpath names="/" tstamps="/"/>
      <tstamp>6330B092</tstamp>
    </comp>
    <comp ref="SW4">
      <value>SW_Push</value>
      <footprint>Button_Switch_Keyboard:SW_Cherry_MX_1.00u_PCB</footprint>
      <datasheet>~</datasheet>
      <libsource lib="Switch" part="SW_Push" description="Push button switch, generic, two pins"/>
      <sheetpath names="/" tstamps="/"/>
      <tstamp>6330B35A</tstamp>
    </comp>
    <comp ref="SW5">
      <value>SW_Push</value>
      <footprint>Button_Switch_Keyboard:SW_Cherry_MX_1.00u_PCB</footprint>
      <datasheet>~</datasheet>
      <libsource lib="Switch" part="SW_Push" description="Push button switch, generic, two pins"/>
      <sheetpath names="/" tstamps="/"/>
      <tstamp>6330B665</tstamp>
    </comp>
    <comp ref="SW6">
      <value>SW_Push</value>
      <footprint>Button_Switch_Keyboard:SW_Cherry_MX_1.00u_PCB</footprint>
      <datasheet>~</datasheet>
      <libsource lib="Switch" part="SW_Push" description="Push button switch, generic, two pins"/>
      <sheetpath names="/" tstamps="/"/>
      <tstamp>6330B998</tstamp>
    </comp>
    <comp ref="SW7">
      <value>SW_Push</value>
      <footprint>Button_Switch_Keyboard:SW_Cherry_MX_1.00u_PCB</footprint>
      <datasheet>~</datasheet>
      <libsource lib="Switch" part="SW_Push" description="Push button switch, generic, two pins"/>
      <sheetpath names="/" tstamps="/"/>
      <tstamp>6330BCCC</tstamp>
    </comp>
    <comp ref="SW8">
      <value>SW_Push</value>
      <footprint>Button_Switch_Keyboard:SW_Cherry_MX_1.00u_PCB</footprint>
      <datasheet>~</datasheet>
      <libsource lib="Switch" part="SW_Push" description="Push button switch, generic, two pins"/>
      <sheetpath names="/" tstamps="/"/>
      <tstamp>6330BF97</tstamp>
    </comp>
    <comp ref="SW9">
      <value>SW_Push</value>
      <footprint>Button_Switch_Keyboard:SW_Cherry_MX_1.00u_PCB</footprint>
      <datasheet>~</datasheet>
      <libsource lib="Switch" part="SW_Push" description="Push button switch, generic, two pins"/>
      <sheetpath names="/" tstamps="/"/>
      <tstamp>6330C2FB</tstamp>
    </comp>
    <comp ref="SW10">
      <value>SW_Push</value>
      <footprint>Button_Switch_Keyboard:SW_Cherry_MX_1.00u_PCB</footprint>
      <datasheet>~</datasheet>
      <libsource lib="Switch" part="SW_Push" description="Push button switch, generic, two pins"/>
      <sheetpath names="/" tstamps="/"/>
      <tstamp>6330C6DB</tstamp>
    </comp>
    <comp ref="SW11">
      <value>SW_Push</value>
      <footprint>Button_Switch_Keyboard:SW_Cherry_MX_1.00u_PCB</footprint>
      <datasheet>~</datasheet>
      <libsource lib="Switch" part="SW_Push" description="Push button switch, generic, two pins"/>
      <sheetpath names="/" tstamps="/"/>
      <tstamp>6330CA01</tstamp>
    </comp>
    <comp ref="SW12">
      <value>SW_Push</value>
      <footprint>Button_Switch_Keyboard:SW_Cherry_MX_1.00u_PCB</footprint>
      <datasheet>~</datasheet>
      <libsource lib="Switch" part="SW_Push" description="Push button switch, generic, two pins"/>
      <sheetpath names="/" tstamps="/"/>
      <tstamp>6330CD3E</tstamp>
    </comp>
    <comp ref="SW13">
      <value>SW_Push</value>
      <footprint>Button_Switch_Keyboard:SW_Cherry_MX_1.00u_PCB</footprint>
      <datasheet>~</datasheet>
      <libsource lib="Switch" part="SW_Push" description="Push button switch, generic, two pins"/>
      <sheetpath names="/" tstamps="/"/>
      <tstamp>6330D01C</tstamp>
    </comp>
    <comp ref="SW14">
      <value>SW_Push</value>
      <footprint>Button_Switch_Keyboard:SW_Cherry_MX_1.00u_PCB</footprint>
      <datasheet>~</datasheet>
      <libsource lib="Switch" part="SW_Push" description="Push button switch, generic, two pins"/>
      <sheetpath names="/" tstamps="/"/>
      <tstamp>6330D393</tstamp>
    </comp>
    <comp ref="SW15">
      <value>SW_Push</value>
      <footprint>Button_Switch_Keyboard:SW_Cherry_MX_1.00u_PCB</footprint>
      <datasheet>~</datasheet>
      <libsource lib="Switch" part="SW_Push" description="Push button switch, generic, two pins"/>
      <sheetpath names="/" tstamps="/"/>
      <tstamp>6330D6E6</tstamp>
    </comp>
    <comp ref="SW16">
      <value>SW_Push</value>
      <footprint>Button_Switch_Keyboard:SW_Cherry_MX_1.00u_PCB</footprint>
      <datasheet>~</datasheet>
      <libsource lib="Switch" part="SW_Push" description="Push button switch, generic, two pins"/>
      <sheetpath names="/" tstamps="/"/>
      <tstamp>6330EE2C</tstamp>
    </comp>
    <comp ref="R1">
      <value>R_10K</value>
      <footprint>Resistor_SMD:R_0402_1005Metric</footprint>
      <datasheet>~</datasheet>
      <fields>
        <field name="LSCS">C25744</field>
      </fields>
      <libsource lib="lscs_components" part="R_10K" description="Resistor"/>
      <sheetpath names="/" tstamps="/"/>
      <tstamp>63598B1A</tstamp>
    </comp>
    <comp ref="R2">
      <value>R_10K</value>
      <footprint>Resistor_SMD:R_0402_1005Metric</footprint>
      <datasheet>~</datasheet>
      <fields>
        <field name="LSCS">C25744</field>
      </fields>
      <libsource lib="lscs_components" part="R_10K" description="Resistor"/>
      <sheetpath names="/" tstamps="/"/>
      <tstamp>6359FABD</tstamp>
    </comp>
    <comp ref="R3">
      <value>R_10K</value>
      <footprint>Resistor_SMD:R_0402_1005Metric</footprint>
      <datasheet>~</datasheet>
      <fields>
        <field name="LSCS">C25744</field>
      </fields>
      <libsource lib="lscs_components" part="R_10K" description="Resistor"/>
      <sheetpath names="/" tstamps="/"/>
      <tstamp>6359FF1C</tstamp>
    </comp>
    <comp ref="D129">
      <value>D_1N4148WS</value>
      <footprint>Diode_SMD:D_SOD-323F</footprint>
      <datasheet>~</datasheet>
      <fields>
        <field name="LSCS">C2128</field>
      </fields>
      <libsource lib="lscs_components" part="D_1N4148WS" description="Diode"/>
      <sheetpath names="/" tstamps="/"/>
      <tstamp>63625C74</tstamp>
    </comp>
    <comp ref="R7">
      <value>R_330R</value>
      <footprint>Resistor_SMD:R_0402_1005Metric</footprint>
      <datasheet>~</datasheet>
      <fields>
        <field name="LSCS">C25104</field>
      </fields>
      <libsource lib="lscs_components" part="R_330R" description="Resistor"/>
      <sheetpath names="/" tstamps="/"/>
      <tstamp>639447B6</tstamp>
    </comp>
    <comp ref="PLED1">
      <value>LED_RED</value>
      <footprint>LED_SMD:LED_0603_1608Metric_Castellated</footprint>
      <datasheet>~</datasheet>
      <fields>
        <field name="LSCS">C2286</field>
      </fields>
      <libsource lib="lscs_components" part="LED_RED" description="Light emitting diode"/>
      <sheetpath names="/" tstamps="/"/>
      <tstamp>63946D40</tstamp>
    </comp>
    <comp ref="C1">
      <value>C_0.1uF</value>
      <footprint>Capacitor_SMD:C_0402_1005Metric</footprint>
      <datasheet>~</datasheet>
      <fields>
        <field name="LSCS">C1525</field>
      </fields>
      <libsource lib="lscs_components" part="C_0.1uF" description="Unpolarized capacitor"/>
      <sheetpath names="/" tstamps="/"/>
      <tstamp>63D3FD83</tstamp>
    </comp>
    <comp ref="C2">
      <value>C_0.1uF</value>
      <footprint>Capacitor_SMD:C_0402_1005Metric</footprint>
      <datasheet>~</datasheet>
      <fields>
        <field name="LSCS">C1525</field>
      </fields>
      <libsource lib="lscs_components" part="C_0.1uF" description="Unpolarized capacitor"/>
      <sheetpath names="/" tstamps="/"/>
      <tstamp>63D4032F</tstamp>
    </comp>
    <comp ref="C3">
      <value>C_0.1uF</value>
      <footprint>Capacitor_SMD:C_0402_1005Metric</footprint>
      <datasheet>~</datasheet>
      <fields>
        <field name="LSCS">C1525</field>
      </fields>
      <libsource lib="lscs_components" part="C_0.1uF" description="Unpolarized capacitor"/>
      <sheetpath names="/" tstamps="/"/>
      <tstamp>640BB4B6</tstamp>
    </comp>
    <comp ref="C4">
      <value>CP_10uF</value>
      <footprint>Capacitor_Tantalum_SMD:CP_EIA-3216-18_Kemet-A</footprint>
      <datasheet>~</datasheet>
      <fields>
        <field name="LSCS">C7171</field>
      </fields>
      <libsource lib="lscs_components" part="CP_10uF" description="Polarized capacitor"/>
      <sheetpath names="/" tstamps="/"/>
      <tstamp>640BBBC7</tstamp>
    </comp>
  </components>
  <libparts>
    <libpart lib="Interface_Expansion" part="MCP23017_SO">
      <description>16-bit I/O expander, I2C, interrupts, w pull-ups, SOIC-28</description>
      <docs>http://ww1.microchip.com/downloads/en/DeviceDoc/20001952C.pdf</docs>
      <footprints>
        <fp>SOIC*7.5x17.9mm*P1.27mm*</fp>
      </footprints>
      <fields>
        <field name="Reference">U</field>
        <field name="Value">MCP23017_SO</field>
        <field name="Footprint">Package_SO:SOIC-28W_7.5x17.9mm_P1.27mm</field>
      </fields>
      <pins>
        <pin num="1" name="GPB0" type="BiDi"/>
        <pin num="2" name="GPB1" type="BiDi"/>
        <pin num="3" name="GPB2" type="BiDi"/>
        <pin num="4" name="GPB3" type="BiDi"/>
        <pin num="5" name="GPB4" type="BiDi"/>
        <pin num="6" name="GPB5" type="BiDi"/>
        <pin num="7" name="GPB6" type="BiDi"/>
        <pin num="8" name="GPB7" type="BiDi"/>
        <pin num="9" name="VDD" type="power_in"/>
        <pin num="10" name="VSS" type="power_in"/>
        <pin num="11" name="NC" type="NotConnected"/>
        <pin num="12" name="SCK" type="input"/>
        <pin num="13" name="SDA" type="BiDi"/>
        <pin num="14" name="NC" type="NotConnected"/>
        <pin num="15" name="A0" type="input"/>
        <pin num="16" name="A1" type="input"/>
        <pin num="17" name="A2" type="input"/>
        <pin num="18" name="~RESET~" type="input"/>
        <pin num="19" name="INTB" type="3state"/>
        <pin num="20" name="INTA" type="3state"/>
        <pin num="21" name="GPA0" type="BiDi"/>
        <pin num="22" name="GPA1" type="BiDi"/>
        <pin num="23" name="GPA2" type="BiDi"/>
        <pin num="24" name="GPA3" type="BiDi"/>
        <pin num="25" name="GPA4" type="BiDi"/>
        <pin num="26" name="GPA5" type="BiDi"/>
        <pin num="27" name="GPA6" type="BiDi"/>
        <pin num="28" name="GPA7" type="BiDi"/>
      </pins>
    </libpart>
    <libpart lib="Mechanical" part="MountingHole">
      <description>Mounting Hole without connection</description>
      <docs>~</docs>
      <footprints>
        <fp>MountingHole*</fp>
      </footprints>
      <fields>
        <field name="Reference">H</field>
        <field name="Value">MountingHole</field>
      </fields>
    </libpart>
    <libpart lib="Switch" part="SW_DIP_x03">
      <description>3x DIP Switch, Single Pole Single Throw (SPST) switch, small symbol</description>
      <docs>~</docs>
      <footprints>
        <fp>SW?DIP?x3*</fp>
      </footprints>
      <fields>
        <field name="Reference">SW</field>
        <field name="Value">SW_DIP_x03</field>
      </fields>
      <pins>
        <pin num="1" name="~" type="passive"/>
        <pin num="2" name="~" type="passive"/>
        <pin num="3" name="~" type="passive"/>
        <pin num="4" name="~" type="passive"/>
        <pin num="5" name="~" type="passive"/>
        <pin num="6" name="~" type="passive"/>
      </pins>
    </libpart>
    <libpart lib="Switch" part="SW_Push">
      <description>Push button switch, generic, two pins</description>
      <docs>~</docs>
      <fields>
        <field name="Reference">SW</field>
        <field name="Value">SW_Push</field>
      </fields>
      <pins>
        <pin num="1" name="1" type="passive"/>
        <pin num="2" name="2" type="passive"/>
      </pins>
    </libpart>
    <libpart lib="chordboard-components" part="GROVE_I2C">
      <description>Connector, single row, 01x04, pin header</description>
      <footprints>
        <fp>Pin_Header_Straight_1X*</fp>
        <fp>Pin_Header_Angled_1X*</fp>
        <fp>Socket_Strip_Straight_1X*</fp>
        <fp>Socket_Strip_Angled_1X*</fp>
      </footprints>
      <fields>
        <field name="Reference">J</field>
        <field name="Value">GROVE_I2C</field>
      </fields>
      <pins>
        <pin num="1" name="SCL" type="passive"/>
        <pin num="2" name="SDA" type="passive"/>
        <pin num="3" name="VCC" type="passive"/>
        <pin num="4" name="GND" type="passive"/>
      </pins>
    </libpart>
    <libpart lib="eurocad" part="HT16K33">
      <fields>
        <field name="Reference">J</field>
        <field name="Value">HT16K33</field>
      </fields>
      <pins>
        <pin num="1" name="VSS" type="power_in"/>
        <pin num="2" name="COM0_AD" type="output"/>
        <pin num="3" name="COM1_KS0" type="output"/>
        <pin num="4" name="COM2_KS1" type="output"/>
        <pin num="5" name="COM3_KS2" type="output"/>
        <pin num="6" name="COM4" type="output"/>
        <pin num="7" name="COM5" type="output"/>
        <pin num="8" name="COM6" type="output"/>
        <pin num="9" name="COM7" type="output"/>
        <pin num="10" name="ROW15_K13_INT" type="BiDi"/>
        <pin num="11" name="ROW14_K12" type="BiDi"/>
        <pin num="12" name="ROW13_K11" type="BiDi"/>
        <pin num="13" name="ROW12_K10" type="BiDi"/>
        <pin num="14" name="ROW11_K9" type="BiDi"/>
        <pin num="15" name="ROW10_K8" type="BiDi"/>
        <pin num="16" name="ROW9_K7" type="BiDi"/>
        <pin num="17" name="ROW8_K6" type="BiDi"/>
        <pin num="18" name="ROW7_K5" type="BiDi"/>
        <pin num="19" name="ROW6_K4" type="BiDi"/>
        <pin num="20" name="ROW5_K3" type="BiDi"/>
        <pin num="21" name="ROW4_K2" type="BiDi"/>
        <pin num="22" name="ROW3_K1" type="BiDi"/>
        <pin num="23" name="ROW2_A0" type="BiDi"/>
        <pin num="24" name="ROW1_A1" type="BiDi"/>
        <pin num="25" name="ROW0_A2" type="BiDi"/>
        <pin num="26" name="SCL" type="input"/>
        <pin num="27" name="SDA" type="BiDi"/>
        <pin num="28" name="VDD" type="power_in"/>
      </pins>
    </libpart>
    <libpart lib="lscs_components" part="CP_10uF">
      <description>Polarized capacitor</description>
      <docs>~</docs>
      <footprints>
        <fp>CP_*</fp>
      </footprints>
      <fields>
        <field name="Reference">C</field>
        <field name="Value">CP_10uF</field>
        <field name="Footprint">Capacitor_Tantalum_SMD:CP_EIA-3216-18_Kemet-A</field>
        <field name="LSCS">C7171</field>
      </fields>
      <pins>
        <pin num="1" name="~" type="passive"/>
        <pin num="2" name="~" type="passive"/>
      </pins>
    </libpart>
    <libpart lib="lscs_components" part="C_0.1uF">
      <description>Unpolarized capacitor</description>
      <docs>~</docs>
      <footprints>
        <fp>C_*</fp>
      </footprints>
      <fields>
        <field name="Reference">C</field>
        <field name="Value">C_0.1uF</field>
        <field name="Footprint">Capacitor_SMD:C_0402_1005Metric</field>
        <field name="LSCS">C1525</field>
      </fields>
      <pins>
        <pin num="1" name="~" type="passive"/>
        <pin num="2" name="~" type="passive"/>
      </pins>
    </libpart>
    <libpart lib="lscs_components" part="D_1N4148WS">
      <description>Diode</description>
      <docs>~</docs>
      <footprints>
        <fp>TO-???*</fp>
        <fp>*_Diode_*</fp>
        <fp>*SingleDiode*</fp>
        <fp>D_*</fp>
      </footprints>
      <fields>
        <field name="Reference">D</field>
        <field name="Value">D_1N4148WS</field>
        <field name="Footprint">Diode_SMD:D_SOD-323F</field>
        <field name="LSCS">C2128</field>
      </fields>
      <pins>
        <pin num="1" name="K" type="passive"/>
        <pin num="2" name="A" type="passive"/>
      </pins>
    </libpart>
    <libpart lib="lscs_components" part="LED_RED">
      <description>Light emitting diode</description>
      <docs>~</docs>
      <footprints>
        <fp>LED*</fp>
        <fp>LED_SMD:*</fp>
        <fp>LED_THT:*</fp>
      </footprints>
      <fields>
        <field name="Reference">D</field>
        <field name="Value">LED_RED</field>
        <field name="Footprint">LED_SMD:LED_0603_1608Metric_Castellated</field>
        <field name="LSCS">C2286</field>
      </fields>
      <pins>
        <pin num="1" name="K" type="passive"/>
        <pin num="2" name="A" type="passive"/>
      </pins>
    </libpart>
    <libpart lib="lscs_components" part="R_10K">
      <description>Resistor</description>
      <docs>~</docs>
      <footprints>
        <fp>R_*</fp>
      </footprints>
      <fields>
        <field name="Reference">R</field>
        <field name="Value">R_10K</field>
        <field name="Footprint">Resistor_SMD:R_0402_1005Metric</field>
        <field name="LSCS">C25744</field>
      </fields>
      <pins>
        <pin num="1" name="~" type="passive"/>
        <pin num="2" name="~" type="passive"/>
      </pins>
    </libpart>
    <libpart lib="lscs_components" part="R_330R">
      <description>Resistor</description>
      <docs>~</docs>
      <footprints>
        <fp>R_*</fp>
      </footprints>
      <fields>
        <field name="Reference">R</field>
        <field name="Value">R_330R</field>
        <field name="Footprint">Resistor_SMD:R_0402_1005Metric</field>
        <field name="LSCS">C25104</field>
      </fields>
      <pins>
        <pin num="1" name="~" type="passive"/>
        <pin num="2" name="~" type="passive"/>
      </pins>
    </libpart>
  </libparts>
  <libraries>
    <library logical="Interface_Expansion">
      <uri>/home/afshar/src/kicad/kicad-symbols-master/Interface_Expansion.lib</uri>
    </library>
    <library logical="Mechanical">
      <uri>/home/afshar/src/kicad/kicad-symbols-master/Mechanical.lib</uri>
    </library>
    <library logical="Switch">
      <uri>/home/afshar/src/kicad/kicad-symbols-master/Switch.lib</uri>
    </library>
    <library logical="chordboard-components">
      <uri>/home/afshar/src/chordboard/hard/chordboard-kicad-libs/chordboard-components.lib</uri>
    </library>
    <library logical="eurocad">
      <uri>/home/afshar/src/kicad-libraries/libs/eurocad.lib</uri>
    </library>
    <library logical="lscs_components">
      <uri>/home/afshar/src/homeamp/hard/lib/lscs_components.lib</uri>
    </library>
  </libraries>
  <nets>
    <net code="1" name="Net-(D49-Pad1)">
      <node ref="D61" pin="1"/>
      <node ref="D51" pin="1"/>
      <node ref="D50" pin="1"/>
      <node ref="D64" pin="1"/>
      <node ref="D52" pin="1"/>
      <node ref="D62" pin="1"/>
      <node ref="D63" pin="1"/>
      <node ref="D56" pin="1"/>
      <node ref="D54" pin="1"/>
      <node ref="HT1" pin="5"/>
      <node ref="D55" pin="1"/>
      <node ref="D49" pin="1"/>
      <node ref="D59" pin="1"/>
      <node ref="D57" pin="1"/>
      <node ref="D53" pin="1"/>
      <node ref="D58" pin="1"/>
      <node ref="D60" pin="1"/>
    </net>
    <net code="2" name="GND">
      <node ref="C4" pin="2"/>
      <node ref="SW8" pin="2"/>
      <node ref="SW9" pin="2"/>
      <node ref="SW10" pin="2"/>
      <node ref="SW11" pin="2"/>
      <node ref="C3" pin="1"/>
      <node ref="SW15" pin="2"/>
      <node ref="SW16" pin="2"/>
      <node ref="C2" pin="1"/>
      <node ref="C1" pin="1"/>
      <node ref="HT1" pin="1"/>
      <node ref="SW14" pin="2"/>
      <node ref="SW2" pin="2"/>
      <node ref="SW3" pin="2"/>
      <node ref="SW4" pin="2"/>
      <node ref="SW5" pin="2"/>
      <node ref="SW6" pin="2"/>
      <node ref="PLED1" pin="1"/>
      <node ref="SW12" pin="2"/>
      <node ref="J2" pin="4"/>
      <node ref="U1" pin="10"/>
      <node ref="SW7" pin="2"/>
      <node ref="SW13" pin="2"/>
      <node ref="J3" pin="4"/>
      <node ref="R4" pin="2"/>
      <node ref="R5" pin="2"/>
      <node ref="R6" pin="2"/>
      <node ref="SW1" pin="2"/>
    </net>
    <net code="3" name="+5V">
      <node ref="C2" pin="2"/>
      <node ref="J3" pin="3"/>
      <node ref="C1" pin="2"/>
      <node ref="C4" pin="1"/>
      <node ref="C3" pin="2"/>
      <node ref="SWA1" pin="1"/>
      <node ref="SWA1" pin="2"/>
      <node ref="R7" pin="2"/>
      <node ref="SWA1" pin="3"/>
      <node ref="U1" pin="9"/>
      <node ref="J2" pin="3"/>
      <node ref="HT1" pin="28"/>
      <node ref="U1" pin="18"/>
    </net>
    <net code="4" name="/SDA5">
      <node ref="U1" pin="13"/>
      <node ref="J3" pin="2"/>
      <node ref="J2" pin="2"/>
      <node ref="HT1" pin="27"/>
    </net>
    <net code="5" name="/SCL5">
      <node ref="HT1" pin="26"/>
      <node ref="U1" pin="12"/>
      <node ref="J2" pin="1"/>
      <node ref="J3" pin="1"/>
    </net>
    <net code="6" name="Net-(R4-Pad1)">
      <node ref="SWA1" pin="6"/>
      <node ref="U1" pin="17"/>
      <node ref="R4" pin="1"/>
    </net>
    <net code="7" name="Net-(R5-Pad1)">
      <node ref="U1" pin="16"/>
      <node ref="SWA1" pin="5"/>
      <node ref="R5" pin="1"/>
    </net>
    <net code="8" name="Net-(R6-Pad1)">
      <node ref="SWA1" pin="4"/>
      <node ref="R6" pin="1"/>
      <node ref="U1" pin="15"/>
    </net>
    <net code="9" name="Net-(PLED1-Pad2)">
      <node ref="R7" pin="1"/>
      <node ref="PLED1" pin="2"/>
    </net>
    <net code="10" name="Net-(SW8-Pad1)">
      <node ref="U1" pin="8"/>
      <node ref="SW8" pin="1"/>
    </net>
    <net code="11" name="Net-(SW6-Pad1)">
      <node ref="SW6" pin="1"/>
      <node ref="U1" pin="6"/>
    </net>
    <net code="12" name="Net-(SW5-Pad1)">
      <node ref="SW5" pin="1"/>
      <node ref="U1" pin="5"/>
    </net>
    <net code="13" name="Net-(SW4-Pad1)">
      <node ref="SW4" pin="1"/>
      <node ref="U1" pin="4"/>
    </net>
    <net code="14" name="Net-(SW3-Pad1)">
      <node ref="SW3" pin="1"/>
      <node ref="U1" pin="3"/>
    </net>
    <net code="15" name="Net-(R1-Pad2)">
      <node ref="SWA2" pin="3"/>
      <node ref="R1" pin="2"/>
    </net>
    <net code="16" name="Net-(R3-Pad2)">
      <node ref="SWA2" pin="1"/>
      <node ref="R3" pin="2"/>
    </net>
    <net code="17" name="Net-(R2-Pad2)">
      <node ref="R2" pin="2"/>
      <node ref="SWA2" pin="2"/>
    </net>
    <net code="18" name="Net-(D129-Pad1)">
      <node ref="R2" pin="1"/>
      <node ref="R3" pin="1"/>
      <node ref="D129" pin="1"/>
      <node ref="R1" pin="1"/>
    </net>
    <net code="19" name="Net-(SW9-Pad1)">
      <node ref="U1" pin="21"/>
      <node ref="SW9" pin="1"/>
    </net>
    <net code="20" name="Net-(U1-Pad20)">
      <node ref="U1" pin="20"/>
    </net>
    <net code="21" name="Net-(SW2-Pad1)">
      <node ref="SW2" pin="1"/>
      <node ref="U1" pin="2"/>
    </net>
    <net code="22" name="Net-(U1-Pad19)">
      <node ref="U1" pin="19"/>
    </net>
    <net code="23" name="Net-(U1-Pad14)">
      <node ref="U1" pin="14"/>
    </net>
    <net code="24" name="Net-(U1-Pad11)">
      <node ref="U1" pin="11"/>
    </net>
    <net code="25" name="Net-(SW1-Pad1)">
      <node ref="SW1" pin="1"/>
      <node ref="U1" pin="1"/>
    </net>
    <net code="26" name="Net-(SW10-Pad1)">
      <node ref="U1" pin="22"/>
      <node ref="SW10" pin="1"/>
    </net>
    <net code="27" name="Net-(SW7-Pad1)">
      <node ref="U1" pin="7"/>
      <node ref="SW7" pin="1"/>
    </net>
    <net code="28" name="Net-(SW16-Pad1)">
      <node ref="SW16" pin="1"/>
      <node ref="U1" pin="28"/>
    </net>
    <net code="29" name="Net-(SW15-Pad1)">
      <node ref="U1" pin="27"/>
      <node ref="SW15" pin="1"/>
    </net>
    <net code="30" name="Net-(SW14-Pad1)">
      <node ref="SW14" pin="1"/>
      <node ref="U1" pin="26"/>
    </net>
    <net code="31" name="Net-(SW13-Pad1)">
      <node ref="U1" pin="25"/>
      <node ref="SW13" pin="1"/>
    </net>
    <net code="32" name="Net-(SW12-Pad1)">
      <node ref="SW12" pin="1"/>
      <node ref="U1" pin="24"/>
    </net>
    <net code="33" name="Net-(SW11-Pad1)">
      <node ref="U1" pin="23"/>
      <node ref="SW11" pin="1"/>
    </net>
    <net code="39" name="Net-(D100-Pad2)">
      <node ref="HT1" pin="22"/>
      <node ref="D52" pin="2"/>
      <node ref="D68" pin="2"/>
      <node ref="D84" pin="2"/>
      <node ref="D100" pin="2"/>
      <node ref="D116" pin="2"/>
      <node ref="D4" pin="2"/>
      <node ref="D20" pin="2"/>
      <node ref="D36" pin="2"/>
    </net>
    <net code="40" name="Net-(D101-Pad2)">
      <node ref="D53" pin="2"/>
      <node ref="D5" pin="2"/>
      <node ref="D37" pin="2"/>
      <node ref="D21" pin="2"/>
      <node ref="D117" pin="2"/>
      <node ref="D69" pin="2"/>
      <node ref="D85" pin="2"/>
      <node ref="D101" pin="2"/>
      <node ref="HT1" pin="21"/>
    </net>
    <net code="41" name="Net-(D102-Pad2)">
      <node ref="D70" pin="2"/>
      <node ref="HT1" pin="20"/>
      <node ref="D6" pin="2"/>
      <node ref="D38" pin="2"/>
      <node ref="D22" pin="2"/>
      <node ref="D86" pin="2"/>
      <node ref="D54" pin="2"/>
      <node ref="D102" pin="2"/>
      <node ref="D118" pin="2"/>
    </net>
    <net code="43" name="Net-(D103-Pad2)">
      <node ref="D87" pin="2"/>
      <node ref="D119" pin="2"/>
      <node ref="D103" pin="2"/>
      <node ref="D23" pin="2"/>
      <node ref="D7" pin="2"/>
      <node ref="D71" pin="2"/>
      <node ref="D39" pin="2"/>
      <node ref="D55" pin="2"/>
      <node ref="HT1" pin="19"/>
    </net>
    <net code="44" name="Net-(D115-Pad2)">
      <node ref="D115" pin="2"/>
      <node ref="D35" pin="2"/>
      <node ref="D19" pin="2"/>
      <node ref="D3" pin="2"/>
      <node ref="D51" pin="2"/>
      <node ref="D67" pin="2"/>
      <node ref="D83" pin="2"/>
      <node ref="SWA2" pin="4"/>
      <node ref="D99" pin="2"/>
      <node ref="HT1" pin="23"/>
    </net>
    <net code="45" name="Net-(D1-Pad2)">
      <node ref="D113" pin="2"/>
      <node ref="SWA2" pin="6"/>
      <node ref="D65" pin="2"/>
      <node ref="HT1" pin="25"/>
      <node ref="D1" pin="2"/>
      <node ref="D17" pin="2"/>
      <node ref="D33" pin="2"/>
      <node ref="D49" pin="2"/>
      <node ref="D81" pin="2"/>
      <node ref="D97" pin="2"/>
    </net>
    <net code="46" name="Net-(D114-Pad2)">
      <node ref="D34" pin="2"/>
      <node ref="SWA2" pin="5"/>
      <node ref="D114" pin="2"/>
      <node ref="HT1" pin="24"/>
      <node ref="D98" pin="2"/>
      <node ref="D82" pin="2"/>
      <node ref="D66" pin="2"/>
      <node ref="D50" pin="2"/>
      <node ref="D2" pin="2"/>
      <node ref="D18" pin="2"/>
    </net>
    <net code="47" name="Net-(D104-Pad2)">
      <node ref="D120" pin="2"/>
      <node ref="D104" pin="2"/>
      <node ref="HT1" pin="18"/>
      <node ref="D88" pin="2"/>
      <node ref="D24" pin="2"/>
      <node ref="D56" pin="2"/>
      <node ref="D72" pin="2"/>
      <node ref="D40" pin="2"/>
      <node ref="D8" pin="2"/>
    </net>
    <net code="48" name="Net-(D112-Pad2)">
      <node ref="D48" pin="2"/>
      <node ref="HT1" pin="10"/>
      <node ref="D128" pin="2"/>
      <node ref="D32" pin="2"/>
      <node ref="D64" pin="2"/>
      <node ref="D80" pin="2"/>
      <node ref="D96" pin="2"/>
      <node ref="D112" pin="2"/>
      <node ref="D16" pin="2"/>
    </net>
    <net code="49" name="Net-(D100-Pad1)">
      <node ref="D102" pin="1"/>
      <node ref="D97" pin="1"/>
      <node ref="D106" pin="1"/>
      <node ref="D100" pin="1"/>
      <node ref="D99" pin="1"/>
      <node ref="D98" pin="1"/>
      <node ref="HT1" pin="8"/>
      <node ref="D111" pin="1"/>
      <node ref="D112" pin="1"/>
      <node ref="D110" pin="1"/>
      <node ref="D103" pin="1"/>
      <node ref="D104" pin="1"/>
      <node ref="D107" pin="1"/>
      <node ref="D109" pin="1"/>
      <node ref="D101" pin="1"/>
      <node ref="D108" pin="1"/>
      <node ref="D105" pin="1"/>
    </net>
    <net code="50" name="Net-(D110-Pad2)">
      <node ref="D14" pin="2"/>
      <node ref="D126" pin="2"/>
      <node ref="D30" pin="2"/>
      <node ref="HT1" pin="12"/>
      <node ref="D46" pin="2"/>
      <node ref="D110" pin="2"/>
      <node ref="D62" pin="2"/>
      <node ref="D94" pin="2"/>
      <node ref="D78" pin="2"/>
    </net>
    <net code="51" name="Net-(D111-Pad2)">
      <node ref="D79" pin="2"/>
      <node ref="D63" pin="2"/>
      <node ref="HT1" pin="11"/>
      <node ref="D15" pin="2"/>
      <node ref="D31" pin="2"/>
      <node ref="D47" pin="2"/>
      <node ref="D127" pin="2"/>
      <node ref="D95" pin="2"/>
      <node ref="D111" pin="2"/>
    </net>
    <net code="52" name="Net-(D107-Pad2)">
      <node ref="HT1" pin="15"/>
      <node ref="D11" pin="2"/>
      <node ref="D27" pin="2"/>
      <node ref="D43" pin="2"/>
      <node ref="D123" pin="2"/>
      <node ref="D107" pin="2"/>
      <node ref="D91" pin="2"/>
      <node ref="D75" pin="2"/>
      <node ref="D59" pin="2"/>
    </net>
    <net code="53" name="Net-(D10-Pad2)">
      <node ref="D42" pin="2"/>
      <node ref="D26" pin="2"/>
      <node ref="D10" pin="2"/>
      <node ref="HT1" pin="16"/>
      <node ref="D122" pin="2"/>
      <node ref="D74" pin="2"/>
      <node ref="D106" pin="2"/>
      <node ref="D90" pin="2"/>
      <node ref="D58" pin="2"/>
    </net>
    <net code="54" name="Net-(D105-Pad2)">
      <node ref="HT1" pin="17"/>
      <node ref="D121" pin="2"/>
      <node ref="D9" pin="2"/>
      <node ref="D105" pin="2"/>
      <node ref="D57" pin="2"/>
      <node ref="D25" pin="2"/>
      <node ref="D89" pin="2"/>
      <node ref="D41" pin="2"/>
      <node ref="D73" pin="2"/>
    </net>
    <net code="55" name="Net-(D81-Pad1)">
      <node ref="D81" pin="1"/>
      <node ref="D82" pin="1"/>
      <node ref="D93" pin="1"/>
      <node ref="D83" pin="1"/>
      <node ref="D84" pin="1"/>
      <node ref="D95" pin="1"/>
      <node ref="D94" pin="1"/>
      <node ref="D85" pin="1"/>
      <node ref="D92" pin="1"/>
      <node ref="D89" pin="1"/>
      <node ref="D87" pin="1"/>
      <node ref="HT1" pin="7"/>
      <node ref="D86" pin="1"/>
      <node ref="D90" pin="1"/>
      <node ref="D88" pin="1"/>
      <node ref="D91" pin="1"/>
      <node ref="D96" pin="1"/>
    </net>
    <net code="56" name="Net-(D65-Pad1)">
      <node ref="D78" pin="1"/>
      <node ref="D71" pin="1"/>
      <node ref="D77" pin="1"/>
      <node ref="HT1" pin="6"/>
      <node ref="D76" pin="1"/>
      <node ref="D74" pin="1"/>
      <node ref="D69" pin="1"/>
      <node ref="D66" pin="1"/>
      <node ref="D73" pin="1"/>
      <node ref="D80" pin="1"/>
      <node ref="D79" pin="1"/>
      <node ref="D75" pin="1"/>
      <node ref="D70" pin="1"/>
      <node ref="D68" pin="1"/>
      <node ref="D65" pin="1"/>
      <node ref="D72" pin="1"/>
      <node ref="D67" pin="1"/>
    </net>
    <net code="57" name="Net-(D109-Pad2)">
      <node ref="D61" pin="2"/>
      <node ref="D13" pin="2"/>
      <node ref="HT1" pin="13"/>
      <node ref="D77" pin="2"/>
      <node ref="D45" pin="2"/>
      <node ref="D125" pin="2"/>
      <node ref="D29" pin="2"/>
      <node ref="D109" pin="2"/>
      <node ref="D93" pin="2"/>
    </net>
    <net code="58" name="Net-(D113-Pad1)">
      <node ref="D125" pin="1"/>
      <node ref="D121" pin="1"/>
      <node ref="D123" pin="1"/>
      <node ref="D124" pin="1"/>
      <node ref="D126" pin="1"/>
      <node ref="D120" pin="1"/>
      <node ref="D119" pin="1"/>
      <node ref="D116" pin="1"/>
      <node ref="D115" pin="1"/>
      <node ref="D117" pin="1"/>
      <node ref="D122" pin="1"/>
      <node ref="D114" pin="1"/>
      <node ref="D128" pin="1"/>
      <node ref="HT1" pin="9"/>
      <node ref="D113" pin="1"/>
      <node ref="D127" pin="1"/>
      <node ref="D118" pin="1"/>
    </net>
    <net code="59" name="Net-(D33-Pad1)">
      <node ref="D45" pin="1"/>
      <node ref="D42" pin="1"/>
      <node ref="D41" pin="1"/>
      <node ref="D44" pin="1"/>
      <node ref="D43" pin="1"/>
      <node ref="D46" pin="1"/>
      <node ref="HT1" pin="4"/>
      <node ref="D33" pin="1"/>
      <node ref="D39" pin="1"/>
      <node ref="D40" pin="1"/>
      <node ref="D36" pin="1"/>
      <node ref="D38" pin="1"/>
      <node ref="D37" pin="1"/>
      <node ref="D35" pin="1"/>
      <node ref="D48" pin="1"/>
      <node ref="D34" pin="1"/>
      <node ref="D47" pin="1"/>
    </net>
    <net code="60" name="Net-(D17-Pad1)">
      <node ref="D25" pin="1"/>
      <node ref="D31" pin="1"/>
      <node ref="D26" pin="1"/>
      <node ref="D30" pin="1"/>
      <node ref="D28" pin="1"/>
      <node ref="D29" pin="1"/>
      <node ref="D24" pin="1"/>
      <node ref="HT1" pin="3"/>
      <node ref="D17" pin="1"/>
      <node ref="D23" pin="1"/>
      <node ref="D27" pin="1"/>
      <node ref="D20" pin="1"/>
      <node ref="D22" pin="1"/>
      <node ref="D21" pin="1"/>
      <node ref="D32" pin="1"/>
      <node ref="D19" pin="1"/>
      <node ref="D18" pin="1"/>
    </net>
    <net code="61" name="Net-(D1-Pad1)">
      <node ref="D16" pin="1"/>
      <node ref="D4" pin="1"/>
      <node ref="D13" pin="1"/>
      <node ref="D8" pin="1"/>
      <node ref="D6" pin="1"/>
      <node ref="D5" pin="1"/>
      <node ref="D3" pin="1"/>
      <node ref="D14" pin="1"/>
      <node ref="D12" pin="1"/>
      <node ref="D7" pin="1"/>
      <node ref="D2" pin="1"/>
      <node ref="D1" pin="1"/>
      <node ref="D15" pin="1"/>
      <node ref="HT1" pin="2"/>
      <node ref="D10" pin="1"/>
      <node ref="D11" pin="1"/>
      <node ref="D9" pin="1"/>
      <node ref="D129" pin="2"/>
    </net>
    <net code="62" name="Net-(D108-Pad2)">
      <node ref="D76" pin="2"/>
      <node ref="D60" pin="2"/>
      <node ref="D92" pin="2"/>
      <node ref="D108" pin="2"/>
      <node ref="HT1" pin="14"/>
      <node ref="D124" pin="2"/>
      <node ref="D44" pin="2"/>
      <node ref="D28" pin="2"/>
      <node ref="D12" pin="2"/>
    </net>
  </nets>
</export>
